,Name,Matlabel,Fish,Date,Time
0,180717_113924,1,7,2018:07:17,11:39:21
1,180717_113930,1,9,2018:07:17,11:39:27
2,180717_113937,1,5,2018:07:17,11:39:34
3,180717_113944,1,4,2018:07:17,11:39:41
4,180717_113951,1,10,2018:07:17,11:39:48
5,180717_113959,0,0,2018:07:17,11:39:55
6,180717_114007,0,0,2018:07:17,11:40:04
7,180717_114902,0,0,2018:07:17,11:48:58
8,180717_114908,0,0,2018:07:17,11:49:05
9,180717_114916,0,0,2018:07:17,11:49:13
10,180717_114923,0,0,2018:07:17,11:49:20
11,180717_114929,0,0,2018:07:17,11:49:26
12,180717_114936,0,0,2018:07:17,11:49:33
13,180717_114943,0,0,2018:07:17,11:49:40
14,180717_114951,0,0,2018:07:17,11:49:47
15,180717_114957,0,0,2018:07:17,11:49:54
16,180717_115005,0,0,2018:07:17,11:50:02
17,180717_115013,0,0,2018:07:17,11:50:09
18,180717_115053,0,0,2018:07:17,11:50:18
19,180717_115057,0,0,2018:07:17,11:50:50
20,180717_115104,0,0,2018:07:17,11:51:00
21,180717_115111,0,0,2018:07:17,11:51:07
22,180717_115118,0,0,2018:07:17,11:51:15
23,180717_115124,0,0,2018:07:17,11:51:20
24,180717_115131,0,0,2018:07:17,11:51:28
25,180717_115139,0,0,2018:07:17,11:51:35
26,180717_115146,0,0,2018:07:17,11:51:43
27,180717_115153,0,0,2018:07:17,11:51:50
28,180717_115159,0,0,2018:07:17,11:51:56
29,180717_115206,1,1,2018:07:17,11:52:03
30,180717_120102,0,0,2018:07:17,12:00:58
31,180717_120108,0,0,2018:07:17,12:01:04
32,180717_120115,0,0,2018:07:17,12:01:11
33,180717_120123,0,0,2018:07:17,12:01:20
34,180717_120131,0,0,2018:07:17,12:01:27
35,180717_120137,0,0,2018:07:17,12:01:33
36,180717_120144,0,0,2018:07:17,12:01:40
37,180717_120151,0,0,2018:07:17,12:01:47
38,180717_120157,0,0,2018:07:17,12:01:53
39,180717_120204,0,0,2018:07:17,12:02:00
40,180717_120211,0,0,2018:07:17,12:02:07
41,180717_120300,1,89,2018:07:17,12:02:56
42,180717_120307,1,29,2018:07:17,12:03:03
43,180717_120312,1,9,2018:07:17,12:03:09
44,180717_120318,0,0,2018:07:17,12:03:15
45,180717_120327,0,0,2018:07:17,12:03:24
46,180717_120337,0,0,2018:07:17,12:03:34
47,180717_120344,0,0,2018:07:17,12:03:41
48,180717_120350,0,0,2018:07:17,12:03:46
49,180717_120357,0,0,2018:07:17,12:03:54
50,180717_120404,0,0,2018:07:17,12:04:01
51,180717_120410,0,0,2018:07:17,12:04:06
52,180717_121302,0,0,2018:07:17,12:12:58
53,180717_121307,0,0,2018:07:17,12:13:03
54,180717_121312,0,0,2018:07:17,12:13:09
55,180717_121318,0,0,2018:07:17,12:13:15
56,180717_121325,0,0,2018:07:17,12:13:22
57,180717_121331,0,0,2018:07:17,12:13:28
58,180717_121500,0,0,2018:07:17,12:13:35
59,180717_121505,0,0,2018:07:17,12:14:57
60,180717_121512,0,0,2018:07:17,12:15:09
61,180717_121520,0,0,2018:07:17,12:15:17
62,180717_121526,0,0,2018:07:17,12:15:23
63,180717_121535,0,0,2018:07:17,12:15:32
64,180717_121544,0,0,2018:07:17,12:15:41
65,180717_121551,0,0,2018:07:17,12:15:47
66,180717_121557,0,0,2018:07:17,12:15:53
67,180717_121602,0,0,2018:07:17,12:15:59
68,180717_122502,0,0,2018:07:17,12:24:58
69,180717_122507,0,0,2018:07:17,12:25:04
70,180717_122513,0,0,2018:07:17,12:25:10
71,180717_122520,0,0,2018:07:17,12:25:17
72,180717_122526,0,0,2018:07:17,12:25:23
73,180717_122534,0,0,2018:07:17,12:25:30
74,180717_122539,0,0,2018:07:17,12:25:36
75,180717_122545,0,0,2018:07:17,12:25:41
76,180717_122552,0,0,2018:07:17,12:25:48
77,180717_122600,0,0,2018:07:17,12:25:56
78,180717_122612,0,0,2018:07:17,12:26:09
79,180717_122652,0,0,2018:07:17,12:26:16
80,180717_122656,0,0,2018:07:17,12:26:49
81,180717_122706,0,0,2018:07:17,12:27:02
82,180717_122713,1,22,2018:07:17,12:27:10
83,180717_122719,1,45,2018:07:17,12:27:16
84,180717_122726,1,55,2018:07:17,12:27:23
85,180717_122734,1,10,2018:07:17,12:27:30
86,180717_122739,0,0,2018:07:17,12:27:36
87,180717_122745,0,0,2018:07:17,12:27:42
88,180717_122758,0,0,2018:07:17,12:27:54
89,180717_122805,0,0,2018:07:17,12:28:02
90,180717_123701,0,0,2018:07:17,12:36:58
91,180717_123708,0,0,2018:07:17,12:37:05
92,180717_123714,0,0,2018:07:17,12:37:10
93,180717_123720,0,0,2018:07:17,12:37:16
94,180717_123727,0,0,2018:07:17,12:37:24
95,180717_123735,0,0,2018:07:17,12:37:31
96,180717_123742,0,0,2018:07:17,12:37:39
97,180717_123749,0,0,2018:07:17,12:37:46
98,180717_123755,0,0,2018:07:17,12:37:52
99,180717_123802,0,0,2018:07:17,12:37:59
100,180717_123809,0,0,2018:07:17,12:38:06
101,180717_123815,0,0,2018:07:17,12:38:12
102,180717_123855,0,0,2018:07:17,12:38:52
103,180717_123901,0,0,2018:07:17,12:38:57
104,180717_123906,0,0,2018:07:17,12:39:03
105,180717_123914,0,0,2018:07:17,12:39:11
106,180717_123923,0,0,2018:07:17,12:39:19
107,180717_123929,0,0,2018:07:17,12:39:25
108,180717_123937,0,0,2018:07:17,12:39:33
109,180717_123944,0,0,2018:07:17,12:39:41
110,180717_123950,0,0,2018:07:17,12:39:46
111,180717_123957,0,0,2018:07:17,12:39:54
112,180717_124004,0,0,2018:07:17,12:40:01
113,180717_124902,0,0,2018:07:17,12:48:58
114,180717_124907,0,0,2018:07:17,12:49:04
115,180717_124912,0,0,2018:07:17,12:49:09
116,180717_124919,1,30,2018:07:17,12:49:15
117,180717_124924,1,39,2018:07:17,12:49:21
118,180717_124932,1,22,2018:07:17,12:49:29
119,180717_124939,0,0,2018:07:17,12:49:35
120,180717_124946,0,0,2018:07:17,12:49:43
121,180717_124954,0,0,2018:07:17,12:49:51
122,180717_125001,0,0,2018:07:17,12:49:58
123,180717_125007,0,0,2018:07:17,12:50:03
124,180717_125014,0,0,2018:07:17,12:50:10
125,180717_125055,0,0,2018:07:17,12:50:52
126,180717_125102,0,0,2018:07:17,12:50:58
127,180717_125109,1,1,2018:07:17,12:51:05
128,180717_125114,0,0,2018:07:17,12:51:11
129,180717_125122,0,0,2018:07:17,12:51:18
130,180717_125127,0,0,2018:07:17,12:51:24
131,180717_125133,1,6,2018:07:17,12:51:30
132,180717_125147,1,4,2018:07:17,12:51:44
133,180717_130102,1,23,2018:07:17,13:00:58
134,180717_130107,1,27,2018:07:17,13:01:04
135,180717_130113,1,23,2018:07:17,13:01:10
136,180717_130119,0,0,2018:07:17,13:01:15
137,180717_130126,0,0,2018:07:17,13:01:22
138,180717_130133,0,0,2018:07:17,13:01:30
139,180717_130140,0,0,2018:07:17,13:01:37
140,180717_130146,0,0,2018:07:17,13:01:42
141,180717_130153,0,0,2018:07:17,13:01:50
142,180717_130159,0,0,2018:07:17,13:01:56
143,180717_130204,0,0,2018:07:17,13:02:01
144,180717_130210,0,0,2018:07:17,13:02:07
145,180717_130251,0,0,2018:07:17,13:02:48
146,180717_130256,0,0,2018:07:17,13:02:53
147,180717_130302,0,0,2018:07:17,13:02:59
148,180717_130308,0,0,2018:07:17,13:03:04
149,180717_130318,1,11,2018:07:17,13:03:15
150,180717_130328,1,16,2018:07:17,13:03:25
151,180717_130334,1,5,2018:07:17,13:03:31
152,180717_130342,1,3,2018:07:17,13:03:38
153,180717_130349,1,0,2018:07:17,13:03:45
154,180717_130356,1,13,2018:07:17,13:03:52
155,180717_130404,1,11,2018:07:17,13:04:00
156,180717_131302,0,0,2018:07:17,13:12:58
157,180717_131307,0,0,2018:07:17,13:13:04
158,180717_131314,0,0,2018:07:17,13:13:11
159,180717_131321,0,0,2018:07:17,13:13:18
160,180717_131328,0,0,2018:07:17,13:13:25
161,180717_131336,0,0,2018:07:17,13:13:32
162,180717_131345,0,0,2018:07:17,13:13:42
163,180717_131353,0,0,2018:07:17,13:13:50
164,180717_131359,0,0,2018:07:17,13:13:55
165,180717_131407,0,0,2018:07:17,13:14:03
166,180717_131414,0,0,2018:07:17,13:14:10
167,180717_131453,0,0,2018:07:17,13:14:18
168,180717_131457,0,0,2018:07:17,13:14:50
169,180717_131509,0,0,2018:07:17,13:15:05
170,180717_131516,0,0,2018:07:17,13:15:13
171,180717_131522,0,0,2018:07:17,13:15:19
172,180717_131528,0,0,2018:07:17,13:15:25
173,180717_131535,0,0,2018:07:17,13:15:32
174,180717_131547,0,0,2018:07:17,13:15:44
175,180717_131554,0,0,2018:07:17,13:15:51
176,180717_131605,0,0,2018:07:17,13:16:01
177,180717_132503,0,0,2018:07:17,13:24:59
178,180717_132509,0,0,2018:07:17,13:25:06
179,180717_132522,0,0,2018:07:17,13:25:18
180,180717_132653,0,0,2018:07:17,13:25:25
181,180717_132659,0,0,2018:07:17,13:26:55
182,180717_132709,0,0,2018:07:17,13:27:05
183,180717_132716,0,0,2018:07:17,13:27:12
184,180717_132723,0,0,2018:07:17,13:27:20
185,180717_132730,0,0,2018:07:17,13:27:26
186,180717_132735,0,0,2018:07:17,13:27:32
187,180717_132741,0,0,2018:07:17,13:27:38
188,180717_132750,0,0,2018:07:17,13:27:47
189,180717_132757,0,0,2018:07:17,13:27:54
190,180717_132804,0,0,2018:07:17,13:28:01
191,180717_133702,0,0,2018:07:17,13:36:58
192,180717_133707,0,0,2018:07:17,13:37:04
193,180717_133713,0,0,2018:07:17,13:37:10
194,180717_133721,0,0,2018:07:17,13:37:18
195,180717_133728,0,0,2018:07:17,13:37:25
196,180717_133739,0,0,2018:07:17,13:37:36
197,180717_133746,0,0,2018:07:17,13:37:43
198,180717_133752,0,0,2018:07:17,13:37:49
199,180717_133800,0,0,2018:07:17,13:37:56
200,180717_133808,0,0,2018:07:17,13:38:04
201,180717_133813,0,0,2018:07:17,13:38:10
202,180717_133852,0,0,2018:07:17,13:38:16
203,180717_133857,0,0,2018:07:17,13:38:49
204,180717_133904,0,0,2018:07:17,13:39:01
205,180717_133911,0,0,2018:07:17,13:39:08
206,180717_133920,0,0,2018:07:17,13:39:16
207,180717_133930,1,10,2018:07:17,13:39:26
208,180717_133937,1,15,2018:07:17,13:39:33
209,180717_133945,1,2,2018:07:17,13:39:41
210,180717_133950,0,0,2018:07:17,13:39:47
211,180717_133957,0,0,2018:07:17,13:39:53
212,180717_134002,0,0,2018:07:17,13:39:59
213,180717_134901,0,0,2018:07:17,13:48:58
214,180717_134907,0,0,2018:07:17,13:49:03
215,180717_134913,0,0,2018:07:17,13:49:10
216,180717_134919,0,0,2018:07:17,13:49:16
217,180717_134924,0,0,2018:07:17,13:49:21
218,180717_134930,1,7,2018:07:17,13:49:27
219,180717_134936,1,12,2018:07:17,13:49:32
220,180717_134942,1,1,2018:07:17,13:49:39
221,180717_134948,1,2,2018:07:17,13:49:45
222,180717_134958,0,0,2018:07:17,13:49:55
223,180717_135005,0,0,2018:07:17,13:50:02
224,180717_135011,0,0,2018:07:17,13:50:08
225,180717_135053,1,1,2018:07:17,13:50:49
226,180717_135058,0,0,2018:07:17,13:50:54
227,180717_135103,0,0,2018:07:17,13:51:00
228,180717_135109,0,0,2018:07:17,13:51:06
229,180717_135116,0,0,2018:07:17,13:51:13
230,180717_135121,0,0,2018:07:17,13:51:18
231,180717_135129,0,0,2018:07:17,13:51:26
232,180717_135135,0,0,2018:07:17,13:51:31
233,180717_135142,0,0,2018:07:17,13:51:39
234,180717_135151,0,0,2018:07:17,13:51:48
235,180717_135158,0,0,2018:07:17,13:51:55
236,180717_135205,0,0,2018:07:17,13:52:02
237,180717_140103,0,0,2018:07:17,14:00:59
238,180717_140109,0,0,2018:07:17,14:01:06
239,180717_140120,0,0,2018:07:17,14:01:17
240,180717_140126,0,0,2018:07:17,14:01:23
241,180717_140131,0,0,2018:07:17,14:01:28
242,180717_140138,0,0,2018:07:17,14:01:35
243,180717_140144,0,0,2018:07:17,14:01:40
244,180717_140150,0,0,2018:07:17,14:01:47
245,180717_140157,0,0,2018:07:17,14:01:54
246,180717_140203,0,0,2018:07:17,14:01:59
247,180717_140211,0,0,2018:07:17,14:02:07
248,180717_140216,0,0,2018:07:17,14:02:13
249,180717_140256,0,0,2018:07:17,14:02:53
250,180717_140303,0,0,2018:07:17,14:03:00
251,180717_140309,0,0,2018:07:17,14:03:05
252,180717_140315,0,0,2018:07:17,14:03:12
253,180717_140321,0,0,2018:07:17,14:03:18
254,180717_140327,0,0,2018:07:17,14:03:24
255,180717_140332,0,0,2018:07:17,14:03:29
256,180717_140345,0,0,2018:07:17,14:03:42
257,180717_140352,0,0,2018:07:17,14:03:49
258,180717_140358,0,0,2018:07:17,14:03:55
259,180717_140404,0,0,2018:07:17,14:04:00
260,180717_140409,0,0,2018:07:17,14:04:06
261,180717_141301,0,0,2018:07:17,14:12:58
262,180717_141308,0,0,2018:07:17,14:13:05
263,180717_141313,0,0,2018:07:17,14:13:10
264,180717_141319,0,0,2018:07:17,14:13:16
265,180717_141325,0,0,2018:07:17,14:13:21
266,180717_141332,0,0,2018:07:17,14:13:29
267,180717_141338,0,0,2018:07:17,14:13:35
268,180717_141343,0,0,2018:07:17,14:13:40
269,180717_141351,0,0,2018:07:17,14:13:48
270,180717_141357,0,0,2018:07:17,14:13:54
271,180717_141403,0,0,2018:07:17,14:13:59
272,180717_141409,0,0,2018:07:17,14:14:06
273,180717_141448,0,0,2018:07:17,14:14:45
274,180717_141455,0,0,2018:07:17,14:14:52
275,180717_141504,0,0,2018:07:17,14:15:01
276,180717_141513,0,0,2018:07:17,14:15:10
277,180717_141520,0,0,2018:07:17,14:15:16
278,180717_141530,0,0,2018:07:17,14:15:26
279,180717_141535,0,0,2018:07:17,14:15:32
280,180717_141542,0,0,2018:07:17,14:15:39
281,180717_141548,0,0,2018:07:17,14:15:45
282,180717_141556,0,0,2018:07:17,14:15:53
283,180717_141602,0,0,2018:07:17,14:15:58
284,180717_142502,0,0,2018:07:17,14:24:58
285,180717_142507,0,0,2018:07:17,14:25:04
286,180717_142513,0,0,2018:07:17,14:25:09
287,180717_142519,0,0,2018:07:17,14:25:16
288,180717_142525,0,0,2018:07:17,14:25:22
289,180717_142532,0,0,2018:07:17,14:25:29
290,180717_142538,0,0,2018:07:17,14:25:35
291,180717_142547,0,0,2018:07:17,14:25:43
292,180717_142552,0,0,2018:07:17,14:25:49
293,180717_142558,0,0,2018:07:17,14:25:54
294,180717_142603,0,0,2018:07:17,14:26:00
295,180717_142610,0,0,2018:07:17,14:26:07
296,180717_142650,1,17,2018:07:17,14:26:47
297,180717_142655,1,19,2018:07:17,14:26:52
298,180717_142704,1,8,2018:07:17,14:27:01
299,180717_142710,0,0,2018:07:17,14:27:07
300,180717_142716,0,0,2018:07:17,14:27:12
301,180717_142721,0,0,2018:07:17,14:27:18
302,180717_142728,0,0,2018:07:17,14:27:25
303,180717_142740,0,0,2018:07:17,14:27:37
304,180717_142748,0,0,2018:07:17,14:27:45
305,180717_142754,0,0,2018:07:17,14:27:51
306,180717_142802,0,0,2018:07:17,14:27:59
307,180717_143703,0,0,2018:07:17,14:36:59
308,180717_143708,0,0,2018:07:17,14:37:04
309,180717_143713,0,0,2018:07:17,14:37:10
310,180717_143719,0,0,2018:07:17,14:37:15
311,180717_143853,0,0,2018:07:17,14:37:21
312,180717_143900,0,0,2018:07:17,14:38:56
313,180717_143905,0,0,2018:07:17,14:39:02
314,180717_143913,0,0,2018:07:17,14:39:09
315,180717_143918,1,25,2018:07:17,14:39:15
316,180717_143924,1,25,2018:07:17,14:39:21
317,180717_143931,1,25,2018:07:17,14:39:28
318,180717_143938,0,0,2018:07:17,14:39:35
319,180717_143946,0,0,2018:07:17,14:39:43
320,180717_143952,0,0,2018:07:17,14:39:49
321,180717_144003,0,0,2018:07:17,14:40:00
322,180717_144902,0,0,2018:07:17,14:48:58
323,180717_144908,0,0,2018:07:17,14:49:05
324,180717_144914,0,0,2018:07:17,14:49:10
325,180717_144919,0,0,2018:07:17,14:49:16
326,180717_144926,0,0,2018:07:17,14:49:23
327,180717_144937,0,0,2018:07:17,14:49:34
328,180717_144943,0,0,2018:07:17,14:49:40
329,180717_144948,0,0,2018:07:17,14:49:45
330,180717_144954,0,0,2018:07:17,14:49:51
331,180717_145001,0,0,2018:07:17,14:49:57
332,180717_145008,0,0,2018:07:17,14:50:04
333,180717_145013,0,0,2018:07:17,14:50:10
334,180717_145053,0,0,2018:07:17,14:50:49
335,180717_145059,0,0,2018:07:17,14:50:56
336,180717_145105,0,0,2018:07:17,14:51:02
337,180717_145111,0,0,2018:07:17,14:51:07
338,180717_145116,0,0,2018:07:17,14:51:13
339,180717_145122,0,0,2018:07:17,14:51:19
340,180717_145128,0,0,2018:07:17,14:51:24
341,180717_145133,0,0,2018:07:17,14:51:30
342,180717_145139,0,0,2018:07:17,14:51:36
343,180717_145146,0,0,2018:07:17,14:51:42
344,180717_145153,0,0,2018:07:17,14:51:50
345,180717_145205,0,0,2018:07:17,14:52:01
346,180717_150101,0,0,2018:07:17,15:00:58
347,180717_150107,0,0,2018:07:17,15:01:03
348,180717_150113,0,0,2018:07:17,15:01:10
349,180717_150118,0,0,2018:07:17,15:01:15
350,180717_150125,0,0,2018:07:17,15:01:22
351,180717_150131,0,0,2018:07:17,15:01:27
352,180717_150136,0,0,2018:07:17,15:01:33
353,180717_150143,0,0,2018:07:17,15:01:40
354,180717_150149,0,0,2018:07:17,15:01:45
355,180717_150154,0,0,2018:07:17,15:01:51
356,180717_150200,0,0,2018:07:17,15:01:57
357,180717_150209,0,0,2018:07:17,15:02:06
358,180717_150249,0,0,2018:07:17,15:02:45
359,180717_150254,0,0,2018:07:17,15:02:51
360,180717_150259,0,0,2018:07:17,15:02:56
361,180717_150305,0,0,2018:07:17,15:03:02
362,180717_150311,0,0,2018:07:17,15:03:08
363,180717_150318,0,0,2018:07:17,15:03:15
364,180717_150324,0,0,2018:07:17,15:03:21
365,180717_150332,0,0,2018:07:17,15:03:29
366,180717_150340,0,0,2018:07:17,15:03:36
367,180717_150346,0,0,2018:07:17,15:03:43
368,180717_150352,0,0,2018:07:17,15:03:49
369,180717_150357,0,0,2018:07:17,15:03:54
370,180717_151301,0,0,2018:07:17,15:12:58
371,180717_151308,0,0,2018:07:17,15:13:05
372,180717_151319,0,0,2018:07:17,15:13:16
373,180717_151326,0,0,2018:07:17,15:13:23
374,180717_151332,0,0,2018:07:17,15:13:29
375,180717_151340,0,0,2018:07:17,15:13:37
376,180717_151347,0,0,2018:07:17,15:13:44
377,180717_151354,0,0,2018:07:17,15:13:51
378,180717_151400,0,0,2018:07:17,15:13:56
379,180717_151408,0,0,2018:07:17,15:14:04
380,180717_151414,0,0,2018:07:17,15:14:10
381,180717_151456,0,0,2018:07:17,15:14:52
382,180717_151501,0,0,2018:07:17,15:14:58
383,180717_151507,0,0,2018:07:17,15:15:04
384,180717_151514,0,0,2018:07:17,15:15:10
385,180717_151519,0,0,2018:07:17,15:15:16
386,180717_151525,1,1,2018:07:17,15:15:22
387,180717_151531,1,1,2018:07:17,15:15:28
388,180717_151541,0,0,2018:07:17,15:15:38
389,180717_151549,0,0,2018:07:17,15:15:45
390,180717_151556,0,0,2018:07:17,15:15:53
391,180717_151605,0,0,2018:07:17,15:16:02
392,180717_152502,0,0,2018:07:17,15:24:58
393,180717_152507,0,0,2018:07:17,15:25:03
394,180717_152515,0,0,2018:07:17,15:25:12
395,180717_152521,0,0,2018:07:17,15:25:18
396,180717_152527,0,0,2018:07:17,15:25:24
397,180717_152533,0,0,2018:07:17,15:25:30
398,180717_152538,0,0,2018:07:17,15:25:35
399,180717_152544,1,1,2018:07:17,15:25:41
400,180717_152549,0,0,2018:07:17,15:25:46
401,180717_152555,0,0,2018:07:17,15:25:52
402,180717_152601,0,0,2018:07:17,15:25:57
403,180717_152606,0,0,2018:07:17,15:26:03
404,180717_152648,0,0,2018:07:17,15:26:45
405,180717_152655,0,0,2018:07:17,15:26:52
406,180717_152703,0,0,2018:07:17,15:27:00
407,180717_152709,0,0,2018:07:17,15:27:06
408,180717_152715,0,0,2018:07:17,15:27:12
409,180717_152723,0,0,2018:07:17,15:27:20
410,180717_152729,0,0,2018:07:17,15:27:26
411,180717_152735,0,0,2018:07:17,15:27:31
412,180717_152743,0,0,2018:07:17,15:27:40
413,180717_152749,0,0,2018:07:17,15:27:46
414,180717_152754,0,0,2018:07:17,15:27:51
415,180717_152802,0,0,2018:07:17,15:27:58
416,180717_153702,0,0,2018:07:17,15:36:58
417,180717_153707,0,0,2018:07:17,15:37:04
418,180717_153713,0,0,2018:07:17,15:37:09
419,180717_153720,0,0,2018:07:17,15:37:16
420,180717_153727,0,0,2018:07:17,15:37:23
421,180717_153735,1,1,2018:07:17,15:37:32
422,180717_153744,0,0,2018:07:17,15:37:40
423,180717_153749,0,0,2018:07:17,15:37:46
424,180717_153756,0,0,2018:07:17,15:37:53
425,180717_153804,0,0,2018:07:17,15:38:01
426,180717_153810,0,0,2018:07:17,15:38:07
427,180717_153852,0,0,2018:07:17,15:38:14
428,180717_153857,1,1,2018:07:17,15:38:49
429,180717_153904,0,0,2018:07:17,15:39:01
430,180717_153911,0,0,2018:07:17,15:39:08
431,180717_153918,0,0,2018:07:17,15:39:14
432,180717_153923,1,1,2018:07:17,15:39:20
433,180717_153932,0,0,2018:07:17,15:39:29
434,180717_153940,1,3,2018:07:17,15:39:36
435,180717_153949,1,2,2018:07:17,15:39:46
436,180717_153958,1,2,2018:07:17,15:39:54
437,180717_154901,0,0,2018:07:17,15:48:58
438,180717_154908,0,0,2018:07:17,15:49:05
439,180717_154915,0,0,2018:07:17,15:49:12
440,180717_154920,0,0,2018:07:17,15:49:17
441,180717_154929,0,0,2018:07:17,15:49:25
442,180717_154936,0,0,2018:07:17,15:49:33
443,180717_154942,0,0,2018:07:17,15:49:39
444,180717_154948,0,0,2018:07:17,15:49:45
445,180717_154956,0,0,2018:07:17,15:49:53
446,180717_155008,0,0,2018:07:17,15:50:05
447,180717_155014,0,0,2018:07:17,15:50:11
448,180717_155054,0,0,2018:07:17,15:50:17
449,180717_155100,1,2,2018:07:17,15:50:51
450,180717_155107,1,0,2018:07:17,15:51:03
451,180717_155113,1,1,2018:07:17,15:51:09
452,180717_155120,0,0,2018:07:17,15:51:17
453,180717_155126,0,0,2018:07:17,15:51:22
454,180717_155133,0,0,2018:07:17,15:51:29
455,180717_155138,0,0,2018:07:17,15:51:35
456,180717_155144,0,0,2018:07:17,15:51:41
457,180717_155149,0,0,2018:07:17,15:51:46
458,180717_155155,0,0,2018:07:17,15:51:52
459,180717_155201,0,0,2018:07:17,15:51:58
460,180717_155208,0,0,2018:07:17,15:52:05
461,180717_160101,0,0,2018:07:17,16:00:58
462,180717_160108,0,0,2018:07:17,16:01:05
463,180717_160114,0,0,2018:07:17,16:01:10
464,180717_160121,0,0,2018:07:17,16:01:18
465,180717_160128,0,0,2018:07:17,16:01:25
466,180717_160136,0,0,2018:07:17,16:01:33
467,180717_160253,0,0,2018:07:17,16:02:18
468,180717_160300,0,0,2018:07:17,16:02:50
469,180717_160307,0,0,2018:07:17,16:03:04
470,180717_160313,0,0,2018:07:17,16:03:09
471,180717_160318,0,0,2018:07:17,16:03:15
472,180717_160325,0,0,2018:07:17,16:03:22
473,180717_160331,0,0,2018:07:17,16:03:27
474,180717_160336,1,1,2018:07:17,16:03:33
475,180717_160343,0,0,2018:07:17,16:03:40
476,180717_160351,0,0,2018:07:17,16:03:48
477,180717_160357,0,0,2018:07:17,16:03:54
478,180717_160405,0,0,2018:07:17,16:04:02
479,180717_161302,0,0,2018:07:17,16:12:59
480,180717_161309,0,0,2018:07:17,16:13:06
481,180717_161315,0,0,2018:07:17,16:13:11
482,180717_161320,0,0,2018:07:17,16:13:17
483,180717_161326,0,0,2018:07:17,16:13:22
484,180717_161331,1,1,2018:07:17,16:13:28
485,180717_161341,0,0,2018:07:17,16:13:38
486,180717_161453,0,0,2018:07:17,16:13:45
487,180717_161459,0,0,2018:07:17,16:14:56
488,180717_161505,0,0,2018:07:17,16:15:02
489,180717_161510,0,0,2018:07:17,16:15:07
490,180717_161516,0,0,2018:07:17,16:15:13
491,180717_161522,0,0,2018:07:17,16:15:18
492,180717_161527,0,0,2018:07:17,16:15:24
493,180717_161533,0,0,2018:07:17,16:15:29
494,180717_161540,0,0,2018:07:17,16:15:37
495,180717_161548,0,0,2018:07:17,16:15:45
496,180717_161557,0,0,2018:07:17,16:15:54
497,180717_161603,0,0,2018:07:17,16:16:00
498,180717_162501,0,0,2018:07:17,16:24:58
499,180717_162507,1,5,2018:07:17,16:25:03
500,180717_162512,0,0,2018:07:17,16:25:09
501,180717_162520,0,0,2018:07:17,16:25:17
502,180717_162525,0,0,2018:07:17,16:25:22
503,180717_162534,0,0,2018:07:17,16:25:30
504,180717_162539,0,0,2018:07:17,16:25:36
505,180717_162548,0,0,2018:07:17,16:25:44
506,180717_162553,0,0,2018:07:17,16:25:50
507,180717_162559,0,0,2018:07:17,16:25:56
508,180717_162604,0,0,2018:07:17,16:26:01
509,180717_162610,0,0,2018:07:17,16:26:07
510,180717_162651,0,0,2018:07:17,16:26:47
511,180717_162656,0,0,2018:07:17,16:26:53
512,180717_162704,0,0,2018:07:17,16:27:01
513,180717_162710,0,0,2018:07:17,16:27:07
514,180717_162718,0,0,2018:07:17,16:27:15
515,180717_162724,0,0,2018:07:17,16:27:21
516,180717_162730,0,0,2018:07:17,16:27:27
517,180717_162735,0,0,2018:07:17,16:27:32
518,180717_162741,0,0,2018:07:17,16:27:38
519,180717_162748,0,0,2018:07:17,16:27:45
520,180717_162757,0,0,2018:07:17,16:27:53
521,180717_162805,0,0,2018:07:17,16:28:02
522,180717_163701,0,0,2018:07:17,16:36:58
523,180717_163708,0,0,2018:07:17,16:37:05
524,180717_163713,0,0,2018:07:17,16:37:10
525,180717_163719,0,0,2018:07:17,16:37:16
526,180717_163726,0,0,2018:07:17,16:37:23
527,180717_163732,0,0,2018:07:17,16:37:28
528,180717_163737,0,0,2018:07:17,16:37:34
529,180717_163743,0,0,2018:07:17,16:37:40
530,180717_163751,0,0,2018:07:17,16:37:48
531,180717_163756,0,0,2018:07:17,16:37:53
532,180717_163802,0,0,2018:07:17,16:37:59
533,180717_163809,0,0,2018:07:17,16:38:06
534,180717_163848,0,0,2018:07:17,16:38:45
535,180717_163853,0,0,2018:07:17,16:38:50
536,180717_163900,0,0,2018:07:17,16:38:57
537,180717_163907,0,0,2018:07:17,16:39:04
538,180717_163914,0,0,2018:07:17,16:39:11
539,180717_163921,0,0,2018:07:17,16:39:18
540,180717_163930,0,0,2018:07:17,16:39:27
541,180717_163936,0,0,2018:07:17,16:39:32
542,180717_163941,0,0,2018:07:17,16:39:38
543,180717_163947,0,0,2018:07:17,16:39:44
544,180717_163953,0,0,2018:07:17,16:39:50
545,180717_163959,0,0,2018:07:17,16:39:55
546,180717_164903,0,0,2018:07:17,16:48:59
547,180717_164909,0,0,2018:07:17,16:49:06
548,180717_164915,0,0,2018:07:17,16:49:12
549,180717_164920,0,0,2018:07:17,16:49:17
550,180717_164928,0,0,2018:07:17,16:49:25
551,180717_164938,0,0,2018:07:17,16:49:35
552,180717_164947,0,0,2018:07:17,16:49:44
553,180717_164955,0,0,2018:07:17,16:49:52
554,180717_165003,0,0,2018:07:17,16:50:00
555,180717_165009,0,0,2018:07:17,16:50:06
556,180717_165016,0,0,2018:07:17,16:50:13
557,180717_165056,0,0,2018:07:17,16:50:18
558,180717_165101,0,0,2018:07:17,16:50:53
559,180717_165108,0,0,2018:07:17,16:51:05
560,180717_165114,0,0,2018:07:17,16:51:11
561,180717_165120,0,0,2018:07:17,16:51:16
562,180717_165125,0,0,2018:07:17,16:51:22
563,180717_165133,0,0,2018:07:17,16:51:29
564,180717_165138,0,0,2018:07:17,16:51:35
565,180717_165144,0,0,2018:07:17,16:51:41
566,180717_165153,0,0,2018:07:17,16:51:49
567,180717_165203,0,0,2018:07:17,16:52:00
568,180717_165209,0,0,2018:07:17,16:52:05
569,180717_170102,0,0,2018:07:17,17:00:58
570,180717_170108,0,0,2018:07:17,17:01:05
571,180717_170114,0,0,2018:07:17,17:01:11
572,180717_170119,1,0,2018:07:17,17:01:16
573,180717_170125,0,0,2018:07:17,17:01:22
574,180717_170133,0,0,2018:07:17,17:01:29
575,180717_170138,0,0,2018:07:17,17:01:35
576,180717_170147,0,0,2018:07:17,17:01:44
577,180717_170153,0,0,2018:07:17,17:01:50
578,180717_170158,0,0,2018:07:17,17:01:55
579,180717_170204,0,0,2018:07:17,17:02:01
580,180717_170210,0,0,2018:07:17,17:02:06
581,180717_170249,0,0,2018:07:17,17:02:46
582,180717_170256,0,0,2018:07:17,17:02:52
583,180717_170301,0,0,2018:07:17,17:02:58
584,180717_170307,1,1,2018:07:17,17:03:04
585,180717_170313,1,1,2018:07:17,17:03:09
586,180717_170325,1,1,2018:07:17,17:03:21
587,180717_170332,1,1,2018:07:17,17:03:29
588,180717_170337,1,2,2018:07:17,17:03:34
589,180717_170343,0,0,2018:07:17,17:03:40
590,180717_170349,0,0,2018:07:17,17:03:45
591,180717_170355,0,0,2018:07:17,17:03:51
592,180717_171301,0,0,2018:07:17,17:12:58
593,180717_171308,0,0,2018:07:17,17:13:05
594,180717_171314,0,0,2018:07:17,17:13:10
595,180717_171321,0,0,2018:07:17,17:13:18
596,180717_171327,0,0,2018:07:17,17:13:24
597,180717_171334,0,0,2018:07:17,17:13:31
598,180717_171340,0,0,2018:07:17,17:13:37
599,180717_171346,0,0,2018:07:17,17:13:42
600,180717_171351,0,0,2018:07:17,17:13:48
601,180717_171357,0,0,2018:07:17,17:13:54
602,180717_171403,0,0,2018:07:17,17:13:59
603,180717_171410,0,0,2018:07:17,17:14:07
604,180717_171451,0,0,2018:07:17,17:14:48
605,180717_171458,0,0,2018:07:17,17:14:55
606,180717_171504,0,0,2018:07:17,17:15:01
607,180717_171513,0,0,2018:07:17,17:15:09
608,180717_171518,0,0,2018:07:17,17:15:15
609,180717_171524,1,1,2018:07:17,17:15:21
610,180717_171530,0,0,2018:07:17,17:15:27
611,180717_171537,0,0,2018:07:17,17:15:34
612,180717_171543,0,0,2018:07:17,17:15:40
613,180717_171549,0,0,2018:07:17,17:15:46
614,180717_171554,0,0,2018:07:17,17:15:51
615,180717_171600,0,0,2018:07:17,17:15:57
616,180717_172501,0,0,2018:07:17,17:24:58
617,180717_172506,0,0,2018:07:17,17:25:03
618,180717_172516,0,0,2018:07:17,17:25:13
619,180717_172523,0,0,2018:07:17,17:25:20
620,180717_172530,0,0,2018:07:17,17:25:27
621,180717_172540,0,0,2018:07:17,17:25:37
622,180717_172546,0,0,2018:07:17,17:25:42
623,180717_172551,1,0,2018:07:17,17:25:48
624,180717_172559,0,0,2018:07:17,17:25:56
625,180717_172604,0,0,2018:07:17,17:26:01
626,180717_172612,0,0,2018:07:17,17:26:09
627,180717_172651,0,0,2018:07:17,17:26:14
628,180717_172657,0,0,2018:07:17,17:26:48
629,180717_172704,0,0,2018:07:17,17:27:01
630,180717_172710,0,0,2018:07:17,17:27:07
631,180717_172716,0,0,2018:07:17,17:27:12
632,180717_172721,0,0,2018:07:17,17:27:18
633,180717_172727,0,0,2018:07:17,17:27:24
634,180717_172732,0,0,2018:07:17,17:27:29
635,180717_172738,0,0,2018:07:17,17:27:35
636,180717_172745,0,0,2018:07:17,17:27:42
637,180717_172751,1,3,2018:07:17,17:27:48
638,180717_172800,0,0,2018:07:17,17:27:56
639,180717_173702,0,0,2018:07:17,17:36:58
640,180717_173707,0,0,2018:07:17,17:37:04
641,180717_173712,0,0,2018:07:17,17:37:09
642,180717_173718,0,0,2018:07:17,17:37:15
643,180717_173725,0,0,2018:07:17,17:37:22
644,180717_173730,0,0,2018:07:17,17:37:27
645,180717_173736,0,0,2018:07:17,17:37:33
646,180717_173744,0,0,2018:07:17,17:37:40
647,180717_173749,0,0,2018:07:17,17:37:46
648,180717_173755,0,0,2018:07:17,17:37:52
649,180717_173801,0,0,2018:07:17,17:37:57
650,180717_173806,0,0,2018:07:17,17:38:03
651,180717_173846,0,0,2018:07:17,17:38:43
652,180717_173853,1,7,2018:07:17,17:38:49
653,180717_173859,1,11,2018:07:17,17:38:55
654,180717_173904,1,4,2018:07:17,17:39:01
655,180717_173910,1,1,2018:07:17,17:39:07
656,180717_173918,1,1,2018:07:17,17:39:15
657,180717_173924,1,1,2018:07:17,17:39:21
658,180717_173930,1,1,2018:07:17,17:39:26
659,180717_173937,1,1,2018:07:17,17:39:34
660,180717_173943,1,1,2018:07:17,17:39:40
661,180717_173948,1,1,2018:07:17,17:39:45
662,180717_173956,1,1,2018:07:17,17:39:52
663,180717_174901,0,0,2018:07:17,17:48:58
664,180717_174907,0,0,2018:07:17,17:49:03
665,180717_174913,0,0,2018:07:17,17:49:10
666,180717_174919,0,0,2018:07:17,17:49:16
667,180717_174925,0,0,2018:07:17,17:49:22
668,180717_174932,0,0,2018:07:17,17:49:29
669,180717_174937,0,0,2018:07:17,17:49:34
670,180717_174945,0,0,2018:07:17,17:49:42
671,180717_174950,0,0,2018:07:17,17:49:47
672,180717_174959,0,0,2018:07:17,17:49:56
673,180717_175006,0,0,2018:07:17,17:50:03
674,180717_175012,0,0,2018:07:17,17:50:09
675,180717_175053,0,0,2018:07:17,17:50:49
676,180717_175059,1,1,2018:07:17,17:50:56
677,180717_175106,0,0,2018:07:17,17:51:03
678,180717_175112,0,0,2018:07:17,17:51:09
679,180717_175118,0,0,2018:07:17,17:51:14
680,180717_175130,0,0,2018:07:17,17:51:27
681,180717_175136,0,0,2018:07:17,17:51:32
682,180717_175143,0,0,2018:07:17,17:51:40
683,180717_175151,0,0,2018:07:17,17:51:48
684,180717_175157,1,3,2018:07:17,17:51:54
685,180717_175203,1,10,2018:07:17,17:52:00
686,180717_180101,1,3,2018:07:17,18:00:58
687,180717_180108,1,3,2018:07:17,18:01:05
688,180717_180115,1,2,2018:07:17,18:01:11
689,180717_180120,1,2,2018:07:17,18:01:17
690,180717_180128,1,1,2018:07:17,18:01:25
691,180717_180134,1,1,2018:07:17,18:01:31
692,180717_180141,1,1,2018:07:17,18:01:38
693,180717_180149,1,1,2018:07:17,18:01:46
694,180717_180155,1,1,2018:07:17,18:01:51
695,180717_180203,0,0,2018:07:17,18:01:59
696,180717_180208,0,0,2018:07:17,18:02:05
697,180717_180214,1,1,2018:07:17,18:02:11
698,180717_180254,0,0,2018:07:17,18:02:51
699,180717_180300,0,0,2018:07:17,18:02:57
700,180717_180306,0,0,2018:07:17,18:03:03
701,180717_180312,0,0,2018:07:17,18:03:09
702,180717_180319,0,0,2018:07:17,18:03:16
703,180717_180325,0,0,2018:07:17,18:03:22
704,180717_180331,0,0,2018:07:17,18:03:28
705,180717_180339,0,0,2018:07:17,18:03:36
706,180717_180345,0,0,2018:07:17,18:03:42
707,180717_180352,0,0,2018:07:17,18:03:48
708,180717_180401,0,0,2018:07:17,18:03:57
709,180717_180406,0,0,2018:07:17,18:04:03
710,180717_181301,0,0,2018:07:17,18:12:58
711,180717_181307,0,0,2018:07:17,18:13:03
712,180717_181312,1,6,2018:07:17,18:13:09
713,180717_181318,1,7,2018:07:17,18:13:14
714,180717_181325,1,7,2018:07:17,18:13:21
715,180717_181330,0,0,2018:07:17,18:13:27
716,180717_181336,0,0,2018:07:17,18:13:33
717,180717_181346,0,0,2018:07:17,18:13:43
718,180717_181351,0,0,2018:07:17,18:13:48
719,180717_181359,0,0,2018:07:17,18:13:56
720,180717_181405,0,0,2018:07:17,18:14:02
721,180717_181452,0,0,2018:07:17,18:14:13
722,180717_181456,0,0,2018:07:17,18:14:49
723,180717_181501,0,0,2018:07:17,18:14:58
724,180717_181507,0,0,2018:07:17,18:15:04
725,180717_181513,1,3,2018:07:17,18:15:10
726,180717_181524,0,0,2018:07:17,18:15:21
727,180717_181533,0,0,2018:07:17,18:15:29
728,180717_181538,0,0,2018:07:17,18:15:35
729,180717_181544,1,2,2018:07:17,18:15:41
730,180717_181551,0,0,2018:07:17,18:15:47
731,180717_181558,1,2,2018:07:17,18:15:55
732,180717_181603,0,0,2018:07:17,18:16:00
733,180717_182502,1,3,2018:07:17,18:24:59
734,180717_182509,1,3,2018:07:17,18:25:06
735,180717_182521,1,3,2018:07:17,18:25:18
736,180717_182528,1,4,2018:07:17,18:25:25
737,180717_182535,1,0,2018:07:17,18:25:31
738,180717_182542,1,3,2018:07:17,18:25:39
739,180717_182653,0,0,2018:07:17,18:25:46
740,180717_182658,0,0,2018:07:17,18:26:50
741,180717_182705,0,0,2018:07:17,18:27:02
742,180717_182717,0,0,2018:07:17,18:27:14
743,180717_182723,0,0,2018:07:17,18:27:20
744,180717_182729,0,0,2018:07:17,18:27:25
745,180717_182737,0,0,2018:07:17,18:27:33
746,180717_182744,0,0,2018:07:17,18:27:41
747,180717_182750,0,0,2018:07:17,18:27:47
748,180717_182756,0,0,2018:07:17,18:27:52
749,180717_182801,0,0,2018:07:17,18:27:58
750,180717_182807,0,0,2018:07:17,18:28:04
751,180717_183702,0,0,2018:07:17,18:36:58
752,180717_183708,0,0,2018:07:17,18:37:05
753,180717_183714,0,0,2018:07:17,18:37:11
754,180717_183721,0,0,2018:07:17,18:37:18
755,180717_183726,0,0,2018:07:17,18:37:23
756,180717_183733,0,0,2018:07:17,18:37:30
757,180717_183739,0,0,2018:07:17,18:37:36
758,180717_183747,0,0,2018:07:17,18:37:44
759,180717_183754,1,3,2018:07:17,18:37:51
760,180717_183759,1,1,2018:07:17,18:37:56
761,180717_183805,0,0,2018:07:17,18:38:02
762,180717_183813,0,0,2018:07:17,18:38:10
763,180717_183856,0,0,2018:07:17,18:38:52
764,180717_183902,0,0,2018:07:17,18:38:59
765,180717_183908,1,1,2018:07:17,18:39:05
766,180717_183917,1,0,2018:07:17,18:39:14
767,180717_183923,1,2,2018:07:17,18:39:19
768,180717_183928,1,3,2018:07:17,18:39:25
769,180717_183934,1,4,2018:07:17,18:39:31
770,180717_183943,0,0,2018:07:17,18:39:40
771,180717_183949,0,0,2018:07:17,18:39:46
772,180717_183957,0,0,2018:07:17,18:39:53
773,180717_184008,0,0,2018:07:17,18:40:05
774,180717_184903,0,0,2018:07:17,18:48:59
775,180717_184909,0,0,2018:07:17,18:49:06
776,180717_184915,0,0,2018:07:17,18:49:12
777,180717_184920,0,0,2018:07:17,18:49:17
778,180717_184928,1,7,2018:07:17,18:49:25
779,180717_184934,1,8,2018:07:17,18:49:31
780,180717_184940,1,6,2018:07:17,18:49:37
781,180717_185053,1,7,2018:07:17,18:49:43
782,180717_185058,0,0,2018:07:17,18:50:50
783,180717_185105,0,0,2018:07:17,18:51:02
784,180717_185110,0,0,2018:07:17,18:51:07
785,180717_185121,0,0,2018:07:17,18:51:18
786,180717_185127,1,1,2018:07:17,18:51:24
787,180717_185135,0,0,2018:07:17,18:51:31
788,180717_185142,0,0,2018:07:17,18:51:39
789,180717_185148,0,0,2018:07:17,18:51:45
790,180717_185153,0,0,2018:07:17,18:51:50
791,180717_185159,0,0,2018:07:17,18:51:56
792,180717_185205,0,0,2018:07:17,18:52:02
793,180717_190102,0,0,2018:07:17,19:00:59
794,180717_190109,0,0,2018:07:17,19:01:06
795,180717_190116,1,3,2018:07:17,19:01:13
796,180717_190122,0,0,2018:07:17,19:01:19
797,180717_190130,0,0,2018:07:17,19:01:27
798,180717_190136,0,0,2018:07:17,19:01:33
799,180717_190143,0,0,2018:07:17,19:01:40
800,180717_190149,0,0,2018:07:17,19:01:46
801,180717_190154,0,0,2018:07:17,19:01:51
802,180717_190200,1,3,2018:07:17,19:01:57
803,180717_190207,1,3,2018:07:17,19:02:04
804,180717_190213,0,0,2018:07:17,19:02:10
805,180717_190252,0,0,2018:07:17,19:02:49
806,180717_190259,0,0,2018:07:17,19:02:56
807,180717_190304,1,1,2018:07:17,19:03:01
808,180717_190310,1,1,2018:07:17,19:03:07
809,180717_190319,1,1,2018:07:17,19:03:15
810,180717_190324,0,0,2018:07:17,19:03:21
811,180717_190330,0,0,2018:07:17,19:03:27
812,180717_190336,0,0,2018:07:17,19:03:33
813,180717_190341,0,0,2018:07:17,19:03:38
814,180717_190348,0,0,2018:07:17,19:03:45
815,180717_190354,0,0,2018:07:17,19:03:51
816,180717_190400,0,0,2018:07:17,19:03:56
817,180717_191301,0,0,2018:07:17,19:12:58
818,180717_191308,0,0,2018:07:17,19:13:05
819,180717_191315,0,0,2018:07:17,19:13:12
820,180717_191323,0,0,2018:07:17,19:13:20
821,180717_191330,0,0,2018:07:17,19:13:27
822,180717_191336,0,0,2018:07:17,19:13:33
823,180717_191344,0,0,2018:07:17,19:13:40
824,180717_191350,0,0,2018:07:17,19:13:47
825,180717_191356,1,3,2018:07:17,19:13:53
826,180717_191402,0,0,2018:07:17,19:13:59
827,180717_191414,0,0,2018:07:17,19:14:11
828,180717_191452,1,10,2018:07:17,19:14:17
829,180717_191458,0,0,2018:07:17,19:14:49
830,180717_191504,1,4,2018:07:17,19:15:01
831,180717_191510,1,3,2018:07:17,19:15:07
832,180717_191516,1,3,2018:07:17,19:15:13
833,180717_191522,1,3,2018:07:17,19:15:18
834,180717_191527,1,3,2018:07:17,19:15:24
835,180717_191535,1,1,2018:07:17,19:15:32
836,180717_191545,0,0,2018:07:17,19:15:42
837,180717_192501,0,0,2018:07:17,19:24:58
838,180717_192508,1,3,2018:07:17,19:25:05
839,180717_192515,1,5,2018:07:17,19:25:12
840,180717_192520,0,0,2018:07:17,19:25:17
841,180717_192526,1,2,2018:07:17,19:25:23
842,180717_192534,1,2,2018:07:17,19:25:31
843,180717_192540,1,2,2018:07:17,19:25:37
844,180717_192546,0,0,2018:07:17,19:25:42
845,180717_192551,0,0,2018:07:17,19:25:48
846,180717_192557,0,0,2018:07:17,19:25:53
847,180717_192602,0,0,2018:07:17,19:25:59
848,180717_192611,0,0,2018:07:17,19:26:08
849,180717_192653,0,0,2018:07:17,19:26:50
850,180717_192700,0,0,2018:07:17,19:26:56
851,180717_192705,0,0,2018:07:17,19:27:02
852,180717_192711,0,0,2018:07:17,19:27:08
853,180717_192717,0,0,2018:07:17,19:27:13
854,180717_192727,0,0,2018:07:17,19:27:24
855,180717_192733,0,0,2018:07:17,19:27:29
856,180717_192738,0,0,2018:07:17,19:27:35
857,180717_192746,0,0,2018:07:17,19:27:42
858,180717_192753,0,0,2018:07:17,19:27:49
859,180717_192803,0,0,2018:07:17,19:28:00
860,180717_193701,0,0,2018:07:17,19:36:58
861,180717_193708,0,0,2018:07:17,19:37:05
862,180717_193714,0,0,2018:07:17,19:37:10
863,180717_193719,0,0,2018:07:17,19:37:16
864,180717_193728,0,0,2018:07:17,19:37:25
865,180717_193735,0,0,2018:07:17,19:37:31
866,180717_193740,0,0,2018:07:17,19:37:37
867,180717_193746,0,0,2018:07:17,19:37:42
868,180717_193755,0,0,2018:07:17,19:37:51
869,180717_193800,0,0,2018:07:17,19:37:57
870,180717_193806,0,0,2018:07:17,19:38:03
871,180717_193811,0,0,2018:07:17,19:38:08
872,180717_193851,1,1,2018:07:17,19:38:48
873,180717_193858,0,0,2018:07:17,19:38:54
874,180717_193903,0,0,2018:07:17,19:39:00
875,180717_193910,0,0,2018:07:17,19:39:07
876,180717_193917,0,0,2018:07:17,19:39:14
877,180717_193923,0,0,2018:07:17,19:39:20
878,180717_193931,1,2,2018:07:17,19:39:28
879,180717_193937,1,4,2018:07:17,19:39:33
880,180717_193944,1,7,2018:07:17,19:39:41
881,180717_193952,1,4,2018:07:17,19:39:49
882,180717_193958,0,0,2018:07:17,19:39:55
883,180717_194005,0,0,2018:07:17,19:40:02
884,180717_194901,0,0,2018:07:17,19:48:58
885,180717_194908,0,0,2018:07:17,19:49:05
886,180717_194914,0,0,2018:07:17,19:49:10
887,180717_194920,0,0,2018:07:17,19:49:17
888,180717_194927,0,0,2018:07:17,19:49:24
889,180717_194933,0,0,2018:07:17,19:49:29
890,180717_194940,1,1,2018:07:17,19:49:37
891,180717_194946,1,1,2018:07:17,19:49:42
892,180717_194951,0,0,2018:07:17,19:49:48
893,180717_194959,0,0,2018:07:17,19:49:56
894,180717_195007,1,3,2018:07:17,19:50:04
895,180717_195015,0,0,2018:07:17,19:50:12
896,180717_195059,0,0,2018:07:17,19:50:55
897,180717_195105,0,0,2018:07:17,19:51:02
898,180717_195111,0,0,2018:07:17,19:51:08
899,180717_195117,1,4,2018:07:17,19:51:13
900,180717_195124,1,1,2018:07:17,19:51:20
901,180717_195130,1,1,2018:07:17,19:51:27
902,180717_195141,0,0,2018:07:17,19:51:37
903,180717_195146,1,2,2018:07:17,19:51:43
904,180717_195153,0,0,2018:07:17,19:51:50
905,180717_195159,0,0,2018:07:17,19:51:56
906,180717_195206,0,0,2018:07:17,19:52:03
907,180717_195212,1,1,2018:07:17,19:52:08
908,180717_200104,0,0,2018:07:17,20:01:00
909,180717_200111,1,2,2018:07:17,20:01:07
910,180717_200120,0,0,2018:07:17,20:01:16
911,180717_200130,0,0,2018:07:17,20:01:26
912,180717_200138,0,0,2018:07:17,20:01:34
913,180717_200145,0,0,2018:07:17,20:01:41
914,180717_200153,0,0,2018:07:17,20:01:49
915,180717_200200,0,0,2018:07:17,20:01:56
916,180717_200210,0,0,2018:07:17,20:02:06
917,180717_200254,0,0,2018:07:17,20:02:13
918,180717_200258,0,0,2018:07:17,20:02:51
919,180717_200304,0,0,2018:07:17,20:03:00
920,180717_200312,0,0,2018:07:17,20:03:08
921,180717_200321,0,0,2018:07:17,20:03:17
922,180717_200328,1,1,2018:07:17,20:03:24
923,180717_200336,1,1,2018:07:17,20:03:32
924,180717_200343,1,1,2018:07:17,20:03:39
925,180717_200351,0,0,2018:07:17,20:03:47
926,180717_200358,0,0,2018:07:17,20:03:54
927,180717_200406,0,0,2018:07:17,20:04:02
928,180717_201303,1,2,2018:07:17,20:12:59
929,180717_201310,1,4,2018:07:17,20:13:06
930,180717_201317,1,3,2018:07:17,20:13:13
931,180717_201325,0,0,2018:07:17,20:13:21
932,180717_201332,0,0,2018:07:17,20:13:28
933,180717_201339,0,0,2018:07:17,20:13:35
934,180717_201452,0,0,2018:07:17,20:13:43
935,180717_201458,0,0,2018:07:17,20:14:54
936,180717_201505,0,0,2018:07:17,20:15:01
937,180717_201513,1,2,2018:07:17,20:15:09
938,180717_201521,1,1,2018:07:17,20:15:17
939,180717_201529,1,1,2018:07:17,20:15:25
940,180717_201536,1,2,2018:07:17,20:15:32
941,180717_201545,0,0,2018:07:17,20:15:41
942,180717_201553,0,0,2018:07:17,20:15:49
943,180717_201600,0,0,2018:07:17,20:15:56
944,180717_202502,0,0,2018:07:17,20:24:58
945,180717_202509,0,0,2018:07:17,20:25:05
946,180717_202516,0,0,2018:07:17,20:25:12
947,180717_202529,0,0,2018:07:17,20:25:25
948,180717_202537,0,0,2018:07:17,20:25:33
949,180717_202545,0,0,2018:07:17,20:25:41
950,180717_202553,0,0,2018:07:17,20:25:49
951,180717_202600,0,0,2018:07:17,20:25:56
952,180717_202608,0,0,2018:07:17,20:26:04
953,180717_202651,1,1,2018:07:17,20:26:12
954,180717_202655,1,1,2018:07:17,20:26:48
955,180717_202701,1,2,2018:07:17,20:26:57
956,180717_202711,1,1,2018:07:17,20:27:07
957,180717_202719,1,1,2018:07:17,20:27:15
958,180717_202727,1,1,2018:07:17,20:27:23
959,180717_202734,0,0,2018:07:17,20:27:30
960,180717_202742,0,0,2018:07:17,20:27:38
961,180717_202749,0,0,2018:07:17,20:27:45
962,180717_202802,1,0,2018:07:17,20:27:58
963,180717_203702,0,0,2018:07:17,20:36:58
964,180717_203710,0,0,2018:07:17,20:37:06
965,180717_203717,0,0,2018:07:17,20:37:13
966,180717_203725,0,0,2018:07:17,20:37:21
967,180717_203733,0,0,2018:07:17,20:37:29
968,180717_203741,0,0,2018:07:17,20:37:37
969,180717_203751,0,0,2018:07:17,20:37:47
970,180717_203759,0,0,2018:07:17,20:37:55
971,180717_203807,0,0,2018:07:17,20:38:03
972,180717_203815,0,0,2018:07:17,20:38:11
973,180717_203857,0,0,2018:07:17,20:38:53
974,180717_203904,0,0,2018:07:17,20:39:00
975,180717_203912,0,0,2018:07:17,20:39:08
976,180717_203922,0,0,2018:07:17,20:39:18
977,180717_203930,0,0,2018:07:17,20:39:26
978,180717_203938,0,0,2018:07:17,20:39:34
979,180717_203946,0,0,2018:07:17,20:39:42
980,180717_203958,0,0,2018:07:17,20:39:54
981,180717_204006,0,0,2018:07:17,20:40:02
982,180717_204902,0,0,2018:07:17,20:48:58
983,180717_204910,0,0,2018:07:17,20:49:06
984,180717_204918,0,0,2018:07:17,20:49:14
985,180717_204926,0,0,2018:07:17,20:49:22
986,180717_204934,0,0,2018:07:17,20:49:30
987,180717_204943,0,0,2018:07:17,20:49:39
988,180717_204953,0,0,2018:07:17,20:49:49
989,180717_205002,0,0,2018:07:17,20:49:58
990,180717_205010,0,0,2018:07:17,20:50:06
991,180717_205052,0,0,2018:07:17,20:50:14
992,180717_205055,0,0,2018:07:17,20:50:49
993,180717_205102,0,0,2018:07:17,20:50:58
994,180717_205113,0,0,2018:07:17,20:51:09
995,180717_205122,0,0,2018:07:17,20:51:18
996,180717_205130,0,0,2018:07:17,20:51:26
997,180717_205138,0,0,2018:07:17,20:51:34
998,180717_205146,0,0,2018:07:17,20:51:43
999,180717_205155,0,0,2018:07:17,20:51:51
1000,180717_050102,0,0,2018:07:17,05:00:58
1001,180717_050110,0,0,2018:07:17,05:01:06
1002,180717_050251,0,0,2018:07:17,05:01:14
1003,180717_050255,0,0,2018:07:17,05:02:49
1004,180717_050302,0,0,2018:07:17,05:02:58
1005,180717_050310,0,0,2018:07:17,05:03:06
1006,180717_050319,0,0,2018:07:17,05:03:15
1007,180717_050328,0,0,2018:07:17,05:03:24
1008,180717_050336,0,0,2018:07:17,05:03:32
1009,180717_050344,0,0,2018:07:17,05:03:41
1010,180717_050354,0,0,2018:07:17,05:03:50
1011,180717_050402,0,0,2018:07:17,05:03:58
1012,180717_051303,0,0,2018:07:17,05:12:59
1013,180717_051311,0,0,2018:07:17,05:13:07
1014,180717_051319,0,0,2018:07:17,05:13:15
1015,180717_051331,0,0,2018:07:17,05:13:27
1016,180717_051339,0,0,2018:07:17,05:13:35
1017,180717_051352,0,0,2018:07:17,05:13:48
1018,180717_051403,0,0,2018:07:17,05:13:59
1019,180717_051411,0,0,2018:07:17,05:14:07
1020,180717_051452,0,0,2018:07:17,05:14:15
1021,180717_051456,0,0,2018:07:17,05:14:49
1022,180717_051503,0,0,2018:07:17,05:14:59
1023,180717_051515,0,0,2018:07:17,05:15:12
1024,180717_051524,0,0,2018:07:17,05:15:20
1025,180717_051532,0,0,2018:07:17,05:15:28
1026,180717_051545,0,0,2018:07:17,05:15:41
1027,180717_051554,0,0,2018:07:17,05:15:50
1028,180717_051603,0,0,2018:07:17,05:15:59
1029,180717_052503,0,0,2018:07:17,05:24:59
1030,180717_052510,0,0,2018:07:17,05:25:06
1031,180717_052521,0,0,2018:07:17,05:25:17
1032,180717_052529,0,0,2018:07:17,05:25:25
1033,180717_052541,0,0,2018:07:17,05:25:37
1034,180717_052549,0,0,2018:07:17,05:25:45
1035,180717_052558,0,0,2018:07:17,05:25:54
1036,180717_052606,0,0,2018:07:17,05:26:02
1037,180717_052613,0,0,2018:07:17,05:26:09
1038,180717_052653,0,0,2018:07:17,05:26:17
1039,180717_052657,0,0,2018:07:17,05:26:50
1040,180717_052703,0,0,2018:07:17,05:26:59
1041,180717_052710,0,0,2018:07:17,05:27:07
1042,180717_052718,0,0,2018:07:17,05:27:14
1043,180717_052727,0,0,2018:07:17,05:27:23
1044,180717_052735,0,0,2018:07:17,05:27:31
1045,180717_052743,0,0,2018:07:17,05:27:39
1046,180717_052751,0,0,2018:07:17,05:27:47
1047,180717_052801,1,0,2018:07:17,05:27:57
1048,180717_053702,0,0,2018:07:17,05:36:58
1049,180717_053709,0,0,2018:07:17,05:37:05
1050,180717_053716,0,0,2018:07:17,05:37:13
1051,180717_053727,0,0,2018:07:17,05:37:23
1052,180717_053734,0,0,2018:07:17,05:37:30
1053,180717_053742,0,0,2018:07:17,05:37:38
1054,180717_053749,0,0,2018:07:17,05:37:45
1055,180717_053757,0,0,2018:07:17,05:37:53
1056,180717_053804,0,0,2018:07:17,05:38:00
1057,180717_053811,0,0,2018:07:17,05:38:08
1058,180717_053851,0,0,2018:07:17,05:38:15
1059,180717_053855,0,0,2018:07:17,05:38:48
1060,180717_053902,0,0,2018:07:17,05:38:59
1061,180717_053910,0,0,2018:07:17,05:39:06
1062,180717_053920,1,1,2018:07:17,05:39:16
1063,180717_053931,1,1,2018:07:17,05:39:28
1064,180717_053942,0,0,2018:07:17,05:39:38
1065,180717_053951,0,0,2018:07:17,05:39:47
1066,180717_053958,0,0,2018:07:17,05:39:54
1067,180717_054903,0,0,2018:07:17,05:48:59
1068,180717_054910,0,0,2018:07:17,05:49:06
1069,180717_054917,0,0,2018:07:17,05:49:13
1070,180717_054924,0,0,2018:07:17,05:49:20
1071,180717_054931,0,0,2018:07:17,05:49:27
1072,180717_054939,0,0,2018:07:17,05:49:35
1073,180717_054946,0,0,2018:07:17,05:49:42
1074,180717_054956,0,0,2018:07:17,05:49:52
1075,180717_055052,0,0,2018:07:17,05:50:03
1076,180717_055058,0,0,2018:07:17,05:50:54
1077,180717_055106,0,0,2018:07:17,05:51:02
1078,180717_055113,0,0,2018:07:17,05:51:09
1079,180717_055120,0,0,2018:07:17,05:51:17
1080,180717_055128,0,0,2018:07:17,05:51:24
1081,180717_055137,0,0,2018:07:17,05:51:33
1082,180717_055145,0,0,2018:07:17,05:51:41
1083,180717_055152,0,0,2018:07:17,05:51:48
1084,180717_055159,0,0,2018:07:17,05:51:55
1085,180717_060102,0,0,2018:07:17,06:00:58
1086,180717_060109,0,0,2018:07:17,06:01:05
1087,180717_060116,0,0,2018:07:17,06:01:12
1088,180717_060123,0,0,2018:07:17,06:01:19
1089,180717_060130,0,0,2018:07:17,06:01:27
1090,180717_060138,0,0,2018:07:17,06:01:34
1091,180717_060147,0,0,2018:07:17,06:01:43
1092,180717_060155,1,6,2018:07:17,06:01:51
1093,180717_060205,1,1,2018:07:17,06:02:01
1094,180717_060213,1,7,2018:07:17,06:02:09
1095,180717_060253,1,6,2018:07:17,06:02:17
1096,180717_060257,0,0,2018:07:17,06:02:50
1097,180717_060303,0,0,2018:07:17,06:02:59
1098,180717_060310,0,0,2018:07:17,06:03:06
1099,180717_060318,0,0,2018:07:17,06:03:14
1100,180717_060325,0,0,2018:07:17,06:03:21
1101,180717_060332,0,0,2018:07:17,06:03:28
1102,180717_060341,0,0,2018:07:17,06:03:37
1103,180717_060348,0,0,2018:07:17,06:03:44
1104,180717_060356,0,0,2018:07:17,06:03:52
1105,180717_060406,0,0,2018:07:17,06:04:03
1106,180717_061303,1,5,2018:07:17,06:12:59
1107,180717_061310,1,1,2018:07:17,06:13:06
1108,180717_061317,0,0,2018:07:17,06:13:13
1109,180717_061324,0,0,2018:07:17,06:13:20
1110,180717_061332,0,0,2018:07:17,06:13:28
1111,180717_061347,0,0,2018:07:17,06:13:43
1112,180717_061355,0,0,2018:07:17,06:13:51
1113,180717_061402,0,0,2018:07:17,06:13:58
1114,180717_061411,0,0,2018:07:17,06:14:07
1115,180717_061452,0,0,2018:07:17,06:14:15
1116,180717_061456,0,0,2018:07:17,06:14:49
1117,180717_061502,1,7,2018:07:17,06:14:58
1118,180717_061513,1,5,2018:07:17,06:15:09
1119,180717_061521,0,0,2018:07:17,06:15:17
1120,180717_061530,0,0,2018:07:17,06:15:26
1121,180717_061537,0,0,2018:07:17,06:15:33
1122,180717_061545,0,0,2018:07:17,06:15:41
1123,180717_061553,0,0,2018:07:17,06:15:49
1124,180717_061600,0,0,2018:07:17,06:15:56
1125,180717_062502,0,0,2018:07:17,06:24:59
1126,180717_062511,0,0,2018:07:17,06:25:08
1127,180717_062518,0,0,2018:07:17,06:25:15
1128,180717_062524,0,0,2018:07:17,06:25:21
1129,180717_062531,1,3,2018:07:17,06:25:28
1130,180717_062539,1,1,2018:07:17,06:25:36
1131,180717_062545,1,2,2018:07:17,06:25:42
1132,180717_062552,1,1,2018:07:17,06:25:49
1133,180717_062558,1,9,2018:07:17,06:25:55
1134,180717_062604,1,1,2018:07:17,06:26:00
1135,180717_062609,1,2,2018:07:17,06:26:06
1136,180717_062653,1,3,2018:07:17,06:26:14
1137,180717_062658,0,0,2018:07:17,06:26:50
1138,180717_062705,0,0,2018:07:17,06:27:02
1139,180717_062711,0,0,2018:07:17,06:27:08
1140,180717_062716,0,0,2018:07:17,06:27:13
1141,180717_062722,0,0,2018:07:17,06:27:19
1142,180717_062729,0,0,2018:07:17,06:27:26
1143,180717_062735,0,0,2018:07:17,06:27:31
1144,180717_062741,0,0,2018:07:17,06:27:38
1145,180717_062747,0,0,2018:07:17,06:27:44
1146,180717_063704,0,0,2018:07:17,06:37:01
1147,180717_063711,0,0,2018:07:17,06:37:08
1148,180717_063722,0,0,2018:07:17,06:37:19
1149,180717_063728,0,0,2018:07:17,06:37:25
1150,180717_063736,0,0,2018:07:17,06:37:33
1151,180717_063743,0,0,2018:07:17,06:37:39
1152,180717_063748,0,0,2018:07:17,06:37:45
1153,180717_063754,1,1,2018:07:17,06:37:51
1154,180717_063759,1,1,2018:07:17,06:37:56
1155,180717_063805,0,0,2018:07:17,06:38:02
1156,180717_063810,0,0,2018:07:17,06:38:07
1157,180717_063818,0,0,2018:07:17,06:38:14
1158,180717_063858,0,0,2018:07:17,06:38:54
1159,180717_064903,1,1,2018:07:17,06:49:00
1160,180717_064908,0,0,2018:07:17,06:49:05
1161,180717_064917,0,0,2018:07:17,06:49:14
1162,180717_064923,0,0,2018:07:17,06:49:20
1163,180717_064930,0,0,2018:07:17,06:49:27
1164,180717_065054,0,0,2018:07:17,06:49:32
1165,180717_065058,0,0,2018:07:17,06:50:51
1166,180717_065103,0,0,2018:07:17,06:50:59
1167,180717_065109,0,0,2018:07:17,06:51:06
1168,180717_065115,0,0,2018:07:17,06:51:12
1169,180717_065123,0,0,2018:07:17,06:51:20
1170,180717_065132,0,0,2018:07:17,06:51:28
1171,180717_065138,0,0,2018:07:17,06:51:35
1172,180717_065144,0,0,2018:07:17,06:51:41
1173,180717_065152,0,0,2018:07:17,06:51:49
1174,180717_065158,0,0,2018:07:17,06:51:55
1175,180717_065207,0,0,2018:07:17,06:52:04
1176,180717_070101,0,0,2018:07:17,07:00:58
1177,180717_070107,0,0,2018:07:17,07:01:03
1178,180717_070112,0,0,2018:07:17,07:01:09
1179,180717_070118,0,0,2018:07:17,07:01:14
1180,180717_070123,0,0,2018:07:17,07:01:20
1181,180717_070135,0,0,2018:07:17,07:01:32
1182,180717_070141,0,0,2018:07:17,07:01:38
1183,180717_070147,0,0,2018:07:17,07:01:44
1184,180717_070152,0,0,2018:07:17,07:01:49
1185,180717_070158,0,0,2018:07:17,07:01:55
1186,180717_070204,1,1,2018:07:17,07:02:00
1187,180717_070210,0,0,2018:07:17,07:02:06
1188,180717_070249,0,0,2018:07:17,07:02:46
1189,180717_070254,0,0,2018:07:17,07:02:51
1190,180717_070300,0,0,2018:07:17,07:02:57
1191,180717_070306,0,0,2018:07:17,07:03:03
1192,180717_070312,0,0,2018:07:17,07:03:08
1193,180717_070318,0,0,2018:07:17,07:03:14
1194,180717_070323,1,1,2018:07:17,07:03:20
1195,180717_070329,1,1,2018:07:17,07:03:26
1196,180717_070335,0,0,2018:07:17,07:03:31
1197,180717_070342,0,0,2018:07:17,07:03:39
1198,180717_070348,1,2,2018:07:17,07:03:45
1199,180717_070356,1,1,2018:07:17,07:03:52
1200,180717_071302,0,0,2018:07:17,07:12:58
1201,180717_071308,1,1,2018:07:17,07:13:05
1202,180717_071314,0,0,2018:07:17,07:13:10
1203,180717_071320,0,0,2018:07:17,07:13:17
1204,180717_071325,0,0,2018:07:17,07:13:22
1205,180717_071334,0,0,2018:07:17,07:13:31
1206,180717_071340,0,0,2018:07:17,07:13:36
1207,180717_071348,0,0,2018:07:17,07:13:45
1208,180717_071355,0,0,2018:07:17,07:13:52
1209,180717_071400,0,0,2018:07:17,07:13:57
1210,180717_071407,0,0,2018:07:17,07:14:04
1211,180717_071413,0,0,2018:07:17,07:14:10
1212,180717_071452,1,11,2018:07:17,07:14:49
1213,180717_071459,1,9,2018:07:17,07:14:56
1214,180717_071505,1,5,2018:07:17,07:15:01
1215,180717_071513,1,5,2018:07:17,07:15:10
1216,180717_071519,1,0,2018:07:17,07:15:16
1217,180717_071526,1,1,2018:07:17,07:15:23
1218,180717_072501,0,0,2018:07:17,07:24:58
1219,180717_072506,0,0,2018:07:17,07:25:03
1220,180717_072513,0,0,2018:07:17,07:25:10
1221,180717_072519,0,0,2018:07:17,07:25:15
1222,180717_072525,0,0,2018:07:17,07:25:22
1223,180717_072534,0,0,2018:07:17,07:25:31
1224,180717_072544,1,1,2018:07:17,07:25:40
1225,180717_072549,0,0,2018:07:17,07:25:46
1226,180717_072557,0,0,2018:07:17,07:25:54
1227,180717_072603,0,0,2018:07:17,07:26:00
1228,180717_072608,0,0,2018:07:17,07:26:05
1229,180717_072614,0,0,2018:07:17,07:26:11
1230,180717_072654,0,0,2018:07:17,07:26:50
1231,180717_073701,0,0,2018:07:17,07:36:58
1232,180717_073708,0,0,2018:07:17,07:37:05
1233,180717_073713,0,0,2018:07:17,07:37:10
1234,180717_073720,0,0,2018:07:17,07:37:17
1235,180717_073727,0,0,2018:07:17,07:37:24
1236,180717_073733,0,0,2018:07:17,07:37:29
1237,180717_073738,0,0,2018:07:17,07:37:35
1238,180717_073743,0,0,2018:07:17,07:37:40
1239,180717_073749,0,0,2018:07:17,07:37:46
1240,180717_073757,0,0,2018:07:17,07:37:53
1241,180717_073802,0,0,2018:07:17,07:37:59
1242,180717_073810,0,0,2018:07:17,07:38:07
1243,180717_073849,0,0,2018:07:17,07:38:46
1244,180717_073856,0,0,2018:07:17,07:38:53
1245,180717_073901,0,0,2018:07:17,07:38:58
1246,180717_073907,0,0,2018:07:17,07:39:04
1247,180717_073914,0,0,2018:07:17,07:39:11
1248,180717_073921,0,0,2018:07:17,07:39:18
1249,180717_073927,0,0,2018:07:17,07:39:23
1250,180717_073934,0,0,2018:07:17,07:39:31
1251,180717_073942,0,0,2018:07:17,07:39:39
1252,180717_073948,0,0,2018:07:17,07:39:45
1253,180717_073955,0,0,2018:07:17,07:39:52
1254,180717_074000,0,0,2018:07:17,07:39:57
1255,180717_074902,0,0,2018:07:17,07:48:58
1256,180717_074907,0,0,2018:07:17,07:49:04
1257,180717_074914,0,0,2018:07:17,07:49:11
1258,180717_074920,0,0,2018:07:17,07:49:17
1259,180717_074926,0,0,2018:07:17,07:49:22
1260,180717_074934,0,0,2018:07:17,07:49:31
1261,180717_074940,0,0,2018:07:17,07:49:36
1262,180717_074947,0,0,2018:07:17,07:49:44
1263,180717_074953,0,0,2018:07:17,07:49:50
1264,180717_075001,0,0,2018:07:17,07:49:58
1265,180717_075006,0,0,2018:07:17,07:50:03
1266,180717_075012,0,0,2018:07:17,07:50:09
1267,180717_075051,1,4,2018:07:17,07:50:48
1268,180717_075056,1,15,2018:07:17,07:50:53
1269,180717_075102,1,14,2018:07:17,07:50:59
1270,180717_075109,1,5,2018:07:17,07:51:06
1271,180717_075115,1,2,2018:07:17,07:51:12
1272,180717_075122,1,4,2018:07:17,07:51:19
1273,180717_075128,0,0,2018:07:17,07:51:25
1274,180717_075137,0,0,2018:07:17,07:51:34
1275,180717_075142,0,0,2018:07:17,07:51:39
1276,180717_075149,0,0,2018:07:17,07:51:46
1277,180717_075156,0,0,2018:07:17,07:51:53
1278,180717_075202,0,0,2018:07:17,07:51:58
1279,180717_080101,0,0,2018:07:17,08:00:58
1280,180717_080106,1,1,2018:07:17,08:01:03
1281,180717_080112,0,0,2018:07:17,08:01:09
1282,180717_080118,0,0,2018:07:17,08:01:15
1283,180717_080123,0,0,2018:07:17,08:01:20
1284,180717_080131,0,0,2018:07:17,08:01:28
1285,180717_080137,0,0,2018:07:17,08:01:33
1286,180717_080144,0,0,2018:07:17,08:01:41
1287,180717_080150,0,0,2018:07:17,08:01:47
1288,180717_080156,0,0,2018:07:17,08:01:53
1289,180717_080202,0,0,2018:07:17,08:01:59
1290,180717_080209,0,0,2018:07:17,08:02:06
1291,180717_080249,0,0,2018:07:17,08:02:45
1292,180717_080254,0,0,2018:07:17,08:02:51
1293,180717_080301,0,0,2018:07:17,08:02:58
1294,180717_080308,0,0,2018:07:17,08:03:05
1295,180717_080314,0,0,2018:07:17,08:03:11
1296,180717_080320,0,0,2018:07:17,08:03:16
1297,180717_080327,0,0,2018:07:17,08:03:23
1298,180717_080332,0,0,2018:07:17,08:03:29
1299,180717_080338,0,0,2018:07:17,08:03:35
1300,180717_080348,0,0,2018:07:17,08:03:45
1301,180717_080359,0,0,2018:07:17,08:03:56
1302,180717_081301,0,0,2018:07:17,08:12:58
1303,180717_081308,0,0,2018:07:17,08:13:05
1304,180717_081315,0,0,2018:07:17,08:13:12
1305,180717_081321,0,0,2018:07:17,08:13:17
1306,180717_081326,0,0,2018:07:17,08:13:23
1307,180717_081332,0,0,2018:07:17,08:13:29
1308,180717_081337,1,1,2018:07:17,08:13:34
1309,180717_081343,1,3,2018:07:17,08:13:40
1310,180717_081351,0,0,2018:07:17,08:13:47
1311,180717_081357,0,0,2018:07:17,08:13:53
1312,180717_081406,0,0,2018:07:17,08:14:03
1313,180717_081415,0,0,2018:07:17,08:14:12
1314,180717_081456,0,0,2018:07:17,08:14:53
1315,180717_081503,0,0,2018:07:17,08:15:00
1316,180717_081509,0,0,2018:07:17,08:15:06
1317,180717_081514,0,0,2018:07:17,08:15:11
1318,180717_081520,0,0,2018:07:17,08:15:17
1319,180717_081531,0,0,2018:07:17,08:15:28
1320,180717_081537,0,0,2018:07:17,08:15:34
1321,180717_081543,0,0,2018:07:17,08:15:39
1322,180717_081548,0,0,2018:07:17,08:15:45
1323,180717_081558,0,0,2018:07:17,08:15:55
1324,180717_081605,0,0,2018:07:17,08:16:02
1325,180717_081611,0,0,2018:07:17,08:16:07
1326,180717_082503,0,0,2018:07:17,08:24:59
1327,180717_082509,0,0,2018:07:17,08:25:06
1328,180717_082515,0,0,2018:07:17,08:25:11
1329,180717_082520,0,0,2018:07:17,08:25:17
1330,180717_082526,0,0,2018:07:17,08:25:23
1331,180717_082533,0,0,2018:07:17,08:25:29
1332,180717_082538,0,0,2018:07:17,08:25:35
1333,180717_082544,0,0,2018:07:17,08:25:40
1334,180717_082549,1,1,2018:07:17,08:25:46
1335,180717_082555,0,0,2018:07:17,08:25:52
1336,180717_082603,0,0,2018:07:17,08:26:00
1337,180717_082611,0,0,2018:07:17,08:26:08
1338,180717_082651,0,0,2018:07:17,08:26:47
1339,180717_082656,0,0,2018:07:17,08:26:53
1340,180717_082702,0,0,2018:07:17,08:26:59
1341,180717_082708,0,0,2018:07:17,08:27:05
1342,180717_082714,0,0,2018:07:17,08:27:11
1343,180717_082722,0,0,2018:07:17,08:27:18
1344,180717_082727,0,0,2018:07:17,08:27:24
1345,180717_082737,0,0,2018:07:17,08:27:34
1346,180717_082746,0,0,2018:07:17,08:27:43
1347,180717_082752,0,0,2018:07:17,08:27:49
1348,180717_082758,0,0,2018:07:17,08:27:55
1349,180717_082804,0,0,2018:07:17,08:28:01
1350,180717_083702,0,0,2018:07:17,08:36:58
1351,180717_083708,0,0,2018:07:17,08:37:05
1352,180717_083714,0,0,2018:07:17,08:37:11
1353,180717_083721,0,0,2018:07:17,08:37:18
1354,180717_083727,0,0,2018:07:17,08:37:24
1355,180717_083732,0,0,2018:07:17,08:37:29
1356,180717_083740,0,0,2018:07:17,08:37:37
1357,180717_083747,0,0,2018:07:17,08:37:44
1358,180717_083753,0,0,2018:07:17,08:37:50
1359,180717_083805,0,0,2018:07:17,08:38:02
1360,180717_083811,0,0,2018:07:17,08:38:08
1361,180717_083852,0,0,2018:07:17,08:38:15
1362,180717_083856,0,0,2018:07:17,08:38:49
1363,180717_083901,0,0,2018:07:17,08:38:58
1364,180717_083907,0,0,2018:07:17,08:39:03
1365,180717_083913,0,0,2018:07:17,08:39:10
1366,180717_083919,0,0,2018:07:17,08:39:16
1367,180717_083925,1,1,2018:07:17,08:39:22
1368,180717_083933,0,0,2018:07:17,08:39:30
1369,180717_083939,0,0,2018:07:17,08:39:36
1370,180717_083944,0,0,2018:07:17,08:39:41
1371,180717_083951,0,0,2018:07:17,08:39:48
1372,180717_083958,0,0,2018:07:17,08:39:55
1373,180717_084004,0,0,2018:07:17,08:40:01
1374,180717_084902,1,1,2018:07:17,08:48:58
1375,180717_084908,1,1,2018:07:17,08:49:05
1376,180717_084915,0,0,2018:07:17,08:49:12
1377,180717_084920,0,0,2018:07:17,08:49:17
1378,180717_084927,0,0,2018:07:17,08:49:24
1379,180717_084933,0,0,2018:07:17,08:49:30
1380,180717_084939,0,0,2018:07:17,08:49:35
1381,180717_084944,0,0,2018:07:17,08:49:41
1382,180717_084952,0,0,2018:07:17,08:49:49
1383,180717_084959,0,0,2018:07:17,08:49:56
1384,180717_085004,0,0,2018:07:17,08:50:01
1385,180717_085013,0,0,2018:07:17,08:50:10
1386,180717_085053,0,0,2018:07:17,08:50:50
1387,180717_085101,0,0,2018:07:17,08:50:58
1388,180717_085108,0,0,2018:07:17,08:51:05
1389,180717_085114,1,2,2018:07:17,08:51:10
1390,180717_085119,1,3,2018:07:17,08:51:16
1391,180717_085126,1,5,2018:07:17,08:51:23
1392,180717_085132,0,0,2018:07:17,08:51:29
1393,180717_085137,0,0,2018:07:17,08:51:34
1394,180717_085145,0,0,2018:07:17,08:51:41
1395,180717_085152,0,0,2018:07:17,08:51:49
1396,180717_085158,0,0,2018:07:17,08:51:55
1397,180717_085204,0,0,2018:07:17,08:52:00
1398,180717_090101,0,0,2018:07:17,09:00:58
1399,180717_090107,0,0,2018:07:17,09:01:03
1400,180717_090115,0,0,2018:07:17,09:01:12
1401,180717_090120,0,0,2018:07:17,09:01:17
1402,180717_090126,0,0,2018:07:17,09:01:23
1403,180717_090133,0,0,2018:07:17,09:01:30
1404,180717_090138,0,0,2018:07:17,09:01:35
1405,180717_090144,0,0,2018:07:17,09:01:41
1406,180717_090152,0,0,2018:07:17,09:01:49
1407,180717_090158,0,0,2018:07:17,09:01:54
1408,180717_090203,0,0,2018:07:17,09:02:00
1409,180717_090209,0,0,2018:07:17,09:02:06
1410,180717_090250,0,0,2018:07:17,09:02:47
1411,180717_090257,0,0,2018:07:17,09:02:53
1412,180717_090302,0,0,2018:07:17,09:02:59
1413,180717_090310,0,0,2018:07:17,09:03:07
1414,180717_090316,0,0,2018:07:17,09:03:12
1415,180717_090322,0,0,2018:07:17,09:03:19
1416,180717_090330,0,0,2018:07:17,09:03:27
1417,180717_090335,0,0,2018:07:17,09:03:32
1418,180717_090342,0,0,2018:07:17,09:03:39
1419,180717_090350,0,0,2018:07:17,09:03:46
1420,180717_090355,0,0,2018:07:17,09:03:52
1421,180717_090403,0,0,2018:07:17,09:04:00
1422,180717_091302,0,0,2018:07:17,09:12:58
1423,180717_091307,0,0,2018:07:17,09:13:04
1424,180717_091312,0,0,2018:07:17,09:13:09
1425,180717_091318,1,1,2018:07:17,09:13:15
1426,180717_091325,0,0,2018:07:17,09:13:21
1427,180717_091330,0,0,2018:07:17,09:13:27
1428,180717_091337,0,0,2018:07:17,09:13:34
1429,180717_091345,0,0,2018:07:17,09:13:42
1430,180717_091351,1,2,2018:07:17,09:13:48
1431,180717_091358,0,0,2018:07:17,09:13:55
1432,180717_091404,0,0,2018:07:17,09:14:01
1433,180717_091410,0,0,2018:07:17,09:14:07
1434,180717_091450,0,0,2018:07:17,09:14:47
1435,180717_091457,0,0,2018:07:17,09:14:54
1436,180717_091503,0,0,2018:07:17,09:15:00
1437,180717_091510,0,0,2018:07:17,09:15:07
1438,180717_091516,0,0,2018:07:17,09:15:13
1439,180717_091522,0,0,2018:07:17,09:15:18
1440,180717_091527,0,0,2018:07:17,09:15:24
1441,180717_091533,0,0,2018:07:17,09:15:30
1442,180717_091539,0,0,2018:07:17,09:15:35
1443,180717_091550,1,1,2018:07:17,09:15:46
1444,180717_091556,0,0,2018:07:17,09:15:53
1445,180717_091603,0,0,2018:07:17,09:15:59
1446,180717_092503,0,0,2018:07:17,09:24:59
1447,180717_092508,0,0,2018:07:17,09:25:05
1448,180717_092513,0,0,2018:07:17,09:25:10
1449,180717_092521,0,0,2018:07:17,09:25:18
1450,180717_092529,0,0,2018:07:17,09:25:26
1451,180717_092535,0,0,2018:07:17,09:25:32
1452,180717_092543,0,0,2018:07:17,09:25:40
1453,180717_092548,0,0,2018:07:17,09:25:45
1454,180717_092554,0,0,2018:07:17,09:25:51
1455,180717_092559,0,0,2018:07:17,09:25:56
1456,180717_092605,0,0,2018:07:17,09:26:02
1457,180717_092611,0,0,2018:07:17,09:26:08
1458,180717_092650,0,0,2018:07:17,09:26:47
1459,180717_092655,0,0,2018:07:17,09:26:52
1460,180717_092702,0,0,2018:07:17,09:26:59
1461,180717_092710,0,0,2018:07:17,09:27:07
1462,180717_092719,0,0,2018:07:17,09:27:16
1463,180717_092727,0,0,2018:07:17,09:27:23
1464,180717_092735,0,0,2018:07:17,09:27:32
1465,180717_092740,0,0,2018:07:17,09:27:37
1466,180717_092746,0,0,2018:07:17,09:27:43
1467,180717_092752,0,0,2018:07:17,09:27:48
1468,180717_092800,0,0,2018:07:17,09:27:56
1469,180717_093853,0,0,2018:07:17,09:36:59
1470,180717_093858,0,0,2018:07:17,09:38:55
1471,180717_093910,0,0,2018:07:17,09:39:06
1472,180717_093915,0,0,2018:07:17,09:39:12
1473,180717_093921,0,0,2018:07:17,09:39:17
1474,180717_093926,0,0,2018:07:17,09:39:23
1475,180717_093932,0,0,2018:07:17,09:39:29
1476,180717_093937,0,0,2018:07:17,09:39:34
1477,180717_093946,0,0,2018:07:17,09:39:42
1478,180717_093954,0,0,2018:07:17,09:39:50
1479,180717_094000,0,0,2018:07:17,09:39:57
1480,180717_094006,0,0,2018:07:17,09:40:03
1481,180717_094902,0,0,2018:07:17,09:48:58
1482,180717_094907,0,0,2018:07:17,09:49:04
1483,180717_094913,0,0,2018:07:17,09:49:10
1484,180717_094919,0,0,2018:07:17,09:49:15
1485,180717_094929,0,0,2018:07:17,09:49:25
1486,180717_094937,0,0,2018:07:17,09:49:33
1487,180717_094942,0,0,2018:07:17,09:49:39
1488,180717_094948,0,0,2018:07:17,09:49:45
1489,180717_094955,0,0,2018:07:17,09:49:52
1490,180717_095002,0,0,2018:07:17,09:49:59
1491,180717_095008,0,0,2018:07:17,09:50:05
1492,180717_095015,0,0,2018:07:17,09:50:12
1493,180717_095057,0,0,2018:07:17,09:50:53
1494,180717_095102,0,0,2018:07:17,09:50:58
1495,180717_095108,0,0,2018:07:17,09:51:04
1496,180717_095113,0,0,2018:07:17,09:51:10
1497,180717_095121,0,0,2018:07:17,09:51:18
1498,180717_095128,0,0,2018:07:17,09:51:25
1499,180717_095136,0,0,2018:07:17,09:51:33
1500,180717_095142,0,0,2018:07:17,09:51:39
1501,180717_095148,0,0,2018:07:17,09:51:45
1502,180717_095154,0,0,2018:07:17,09:51:51
1503,180717_095201,0,0,2018:07:17,09:51:58
1504,180717_095207,0,0,2018:07:17,09:52:04
1505,180717_100101,0,0,2018:07:17,10:00:58
1506,180717_100107,0,0,2018:07:17,10:01:03
1507,180717_100114,1,1,2018:07:17,10:01:10
1508,180717_100119,1,0,2018:07:17,10:01:16
1509,180717_100126,1,1,2018:07:17,10:01:22
1510,180717_100131,0,0,2018:07:17,10:01:28
1511,180717_100137,0,0,2018:07:17,10:01:34
1512,180717_100148,0,0,2018:07:17,10:01:44
1513,180717_100155,0,0,2018:07:17,10:01:52
1514,180717_100200,0,0,2018:07:17,10:01:57
1515,180717_100207,0,0,2018:07:17,10:02:04
1516,180717_100214,0,0,2018:07:17,10:02:11
1517,180717_100253,0,0,2018:07:17,10:02:50
1518,180717_100259,0,0,2018:07:17,10:02:55
1519,180717_100304,0,0,2018:07:17,10:03:01
1520,180717_100310,0,0,2018:07:17,10:03:07
1521,180717_100319,0,0,2018:07:17,10:03:15
1522,180717_100328,0,0,2018:07:17,10:03:25
1523,180717_100334,0,0,2018:07:17,10:03:31
1524,180717_100339,0,0,2018:07:17,10:03:36
1525,180717_100345,0,0,2018:07:17,10:03:42
1526,180717_100351,0,0,2018:07:17,10:03:47
1527,180717_100356,0,0,2018:07:17,10:03:53
1528,180717_100402,0,0,2018:07:17,10:03:59
1529,180717_101303,0,0,2018:07:17,10:12:59
1530,180717_101453,0,0,2018:07:17,10:13:04
1531,180717_101458,0,0,2018:07:17,10:14:50
1532,180717_101508,0,0,2018:07:17,10:15:05
1533,180717_101515,0,0,2018:07:17,10:15:11
1534,180717_101522,0,0,2018:07:17,10:15:18
1535,180717_101531,0,0,2018:07:17,10:15:27
1536,180717_101538,0,0,2018:07:17,10:15:34
1537,180717_101545,0,0,2018:07:17,10:15:42
1538,180717_101552,0,0,2018:07:17,10:15:49
1539,180717_101601,0,0,2018:07:17,10:15:58
1540,180717_102502,0,0,2018:07:17,10:24:58
1541,180717_102508,0,0,2018:07:17,10:25:05
1542,180717_102514,0,0,2018:07:17,10:25:10
1543,180717_102519,0,0,2018:07:17,10:25:16
1544,180717_102525,0,0,2018:07:17,10:25:22
1545,180717_102530,0,0,2018:07:17,10:25:27
1546,180717_102536,0,0,2018:07:17,10:25:33
1547,180717_102543,0,0,2018:07:17,10:25:40
1548,180717_102549,0,0,2018:07:17,10:25:45
1549,180717_102554,0,0,2018:07:17,10:25:51
1550,180717_102602,0,0,2018:07:17,10:25:59
1551,180717_102608,0,0,2018:07:17,10:26:05
1552,180717_102649,0,0,2018:07:17,10:26:46
1553,180717_102655,0,0,2018:07:17,10:26:52
1554,180717_102701,0,0,2018:07:17,10:26:58
1555,180717_102708,0,0,2018:07:17,10:27:05
1556,180717_102714,0,0,2018:07:17,10:27:11
1557,180717_102719,0,0,2018:07:17,10:27:16
1558,180717_102725,0,0,2018:07:17,10:27:22
1559,180717_102731,0,0,2018:07:17,10:27:28
1560,180717_102738,0,0,2018:07:17,10:27:35
1561,180717_102743,0,0,2018:07:17,10:27:40
1562,180717_102750,0,0,2018:07:17,10:27:47
1563,180717_102757,1,2,2018:07:17,10:27:54
1564,180717_103701,0,0,2018:07:17,10:36:58
1565,180717_103707,0,0,2018:07:17,10:37:03
1566,180717_103717,0,0,2018:07:17,10:37:14
1567,180717_103724,0,0,2018:07:17,10:37:20
1568,180717_103733,0,0,2018:07:17,10:37:29
1569,180717_103738,0,0,2018:07:17,10:37:35
1570,180717_103744,0,0,2018:07:17,10:37:41
1571,180717_103753,0,0,2018:07:17,10:37:50
1572,180717_103800,0,0,2018:07:17,10:37:57
1573,180717_103808,0,0,2018:07:17,10:38:05
1574,180717_103852,0,0,2018:07:17,10:38:13
1575,180717_103857,0,0,2018:07:17,10:38:49
1576,180717_103904,0,0,2018:07:17,10:39:01
1577,180717_103911,0,0,2018:07:17,10:39:08
1578,180717_103919,0,0,2018:07:17,10:39:16
1579,180717_103929,0,0,2018:07:17,10:39:26
1580,180717_103940,0,0,2018:07:17,10:39:36
1581,180717_103947,0,0,2018:07:17,10:39:43
1582,180717_103955,0,0,2018:07:17,10:39:51
1583,180717_104002,0,0,2018:07:17,10:39:59
1584,180717_104902,0,0,2018:07:17,10:48:59
1585,180717_104909,0,0,2018:07:17,10:49:05
1586,180717_104914,0,0,2018:07:17,10:49:11
1587,180717_104920,0,0,2018:07:17,10:49:17
1588,180717_104929,0,0,2018:07:17,10:49:26
1589,180717_104936,0,0,2018:07:17,10:49:33
1590,180717_104942,0,0,2018:07:17,10:49:39
1591,180717_104949,0,0,2018:07:17,10:49:46
1592,180717_104955,0,0,2018:07:17,10:49:51
1593,180717_105001,0,0,2018:07:17,10:49:58
1594,180717_105007,0,0,2018:07:17,10:50:04
1595,180717_105013,0,0,2018:07:17,10:50:10
1596,180717_105053,0,0,2018:07:17,10:50:50
1597,180717_105100,0,0,2018:07:17,10:50:56
1598,180717_105105,0,0,2018:07:17,10:51:02
1599,180717_105112,0,0,2018:07:17,10:51:09
1600,180717_105117,0,0,2018:07:17,10:51:14
1601,180717_105126,0,0,2018:07:17,10:51:23
1602,180717_105132,0,0,2018:07:17,10:51:28
1603,180717_105138,0,0,2018:07:17,10:51:35
1604,180717_105149,0,0,2018:07:17,10:51:46
1605,180717_105156,0,0,2018:07:17,10:51:53
1606,180717_105202,0,0,2018:07:17,10:51:58
1607,180717_110102,0,0,2018:07:17,11:00:59
1608,180717_110253,0,0,2018:07:17,11:01:06
1609,180717_110258,0,0,2018:07:17,11:02:55
1610,180717_110304,0,0,2018:07:17,11:03:00
1611,180717_110309,0,0,2018:07:17,11:03:06
1612,180717_110315,0,0,2018:07:17,11:03:12
1613,180717_110322,0,0,2018:07:17,11:03:19
1614,180717_110330,0,0,2018:07:17,11:03:26
1615,180717_110336,0,0,2018:07:17,11:03:33
1616,180717_110342,0,0,2018:07:17,11:03:39
1617,180717_110349,0,0,2018:07:17,11:03:46
1618,180717_110355,0,0,2018:07:17,11:03:51
1619,180717_110403,0,0,2018:07:17,11:04:00
1620,180717_111301,0,0,2018:07:17,11:12:58
1621,180717_111308,0,0,2018:07:17,11:13:05
1622,180717_111315,0,0,2018:07:17,11:13:12
1623,180717_111321,0,0,2018:07:17,11:13:18
1624,180717_111328,0,0,2018:07:17,11:13:25
1625,180717_111334,1,5,2018:07:17,11:13:31
1626,180717_111344,0,0,2018:07:17,11:13:41
1627,180717_111350,0,0,2018:07:17,11:13:46
1628,180717_111356,0,0,2018:07:17,11:13:52
1629,180717_111403,0,0,2018:07:17,11:14:00
1630,180717_111411,0,0,2018:07:17,11:14:08
1631,180717_111452,0,0,2018:07:17,11:14:15
1632,180717_111457,0,0,2018:07:17,11:14:49
1633,180717_111504,0,0,2018:07:17,11:15:01
1634,180717_111510,0,0,2018:07:17,11:15:07
1635,180717_111516,0,0,2018:07:17,11:15:13
1636,180717_111526,0,0,2018:07:17,11:15:22
1637,180717_111532,0,0,2018:07:17,11:15:29
1638,180717_111538,0,0,2018:07:17,11:15:35
1639,180717_111544,0,0,2018:07:17,11:15:40
1640,180717_111549,0,0,2018:07:17,11:15:46
1641,180717_111555,0,0,2018:07:17,11:15:52
1642,180717_111602,0,0,2018:07:17,11:15:59
1643,180717_112502,1,37,2018:07:17,11:24:59
1644,180717_112509,1,18,2018:07:17,11:25:06
1645,180717_112515,0,0,2018:07:17,11:25:11
1646,180717_112522,0,0,2018:07:17,11:25:18
1647,180717_112530,0,0,2018:07:17,11:25:27
1648,180717_112653,0,0,2018:07:17,11:25:34
1649,180717_112659,0,0,2018:07:17,11:26:55
1650,180717_112706,0,0,2018:07:17,11:27:02
1651,180717_112713,0,0,2018:07:17,11:27:09
1652,180717_112724,0,0,2018:07:17,11:27:21
1653,180717_112731,0,0,2018:07:17,11:27:28
1654,180717_112740,0,0,2018:07:17,11:27:37
1655,180717_112746,0,0,2018:07:17,11:27:43
1656,180717_112758,0,0,2018:07:17,11:27:55
1657,180717_112806,0,0,2018:07:17,11:28:02
1658,180717_113702,0,0,2018:07:17,11:36:58
1659,180717_113708,0,0,2018:07:17,11:37:05
1660,180717_113715,0,0,2018:07:17,11:37:12
1661,180717_113722,0,0,2018:07:17,11:37:19
1662,180717_113728,0,0,2018:07:17,11:37:24
1663,180717_113736,0,0,2018:07:17,11:37:32
1664,180717_113747,0,0,2018:07:17,11:37:43
1665,180717_113752,0,0,2018:07:17,11:37:49
1666,180717_113758,0,0,2018:07:17,11:37:55
1667,180717_113806,0,0,2018:07:17,11:38:03
1668,180717_113814,0,0,2018:07:17,11:38:11
1669,180717_113853,0,0,2018:07:17,11:38:17
1670,180717_113857,0,0,2018:07:17,11:38:50
1671,180717_113903,0,0,2018:07:17,11:38:59
1672,180717_113910,0,0,2018:07:17,11:39:07
1673,180717_113916,1,6,2018:07:17,11:39:13
